ride_id,rideable_type,started_at,ended_at,start_station_name,start_station_id,end_station_name,end_station_id,start_lat,start_lng,end_lat,end_lng,member_casual,ride_length_minutes,day_of_week,hour_of_day,month,season,is_weekend,trip_distance_km,is_round_trip,is_extreme_duration
12AD442BA80F797E,classic_bike,2026-04-01 00:03:00,2026-04-01 00:06:00,University Ave & 57Th St,CHI00551,Ellis Ave & 60Th St,CHI00765,41.791478,-87.599861,41.78509715,-87.60107276,member,3.0,4,0,4,Spring,False,0.7165955692528042,False,False
2A0A472B1A1FE2FF,electric_bike,2026-04-01 00:04:00,2026-04-01 00:08:00,,,Clark St & Ida B Wells Dr,CHI00216,41.88,-87.64,41.87593267,-87.63058454,member,4.0,4,0,4,Spring,False,0.9012252893642406,False,False
4A5D5D5F6B0FDD78,classic_bike,2026-04-01 00:06:00,2026-04-01 00:10:00,California Ave & North Ave,CHI00268,Troy St & North Ave,CHI00641,41.910044,-87.697167,41.9097693,-87.70528049,member,4.0,4,0,4,Spring,False,0.6720924741042283,False,False
CB442620C98FD31C,electric_bike,2026-04-01 00:05:00,2026-04-01 00:10:00,,,Clark St & Leland Ave,CHI00461,41.98,-87.67,41.96708784,-87.66729087,member,5.0,4,0,4,Spring,False,1.4531289199469852,False,False
69EA026BAB79729F,classic_bike,2026-04-01 00:03:00,2026-04-01 00:11:00,Seeley Ave & Roscoe St,CHI00475,Southport Ave & Roscoe St,CHI00234,41.943403,-87.679618,41.943739,-87.66402,member,8.0,4,0,4,Spring,False,1.2906073744568474,False,False
496ED97096159718,electric_bike,2026-04-01 00:04:00,2026-04-01 00:12:00,Avers Ave & Belmont Ave,CHI00962,Lavergne Ave & Diversey Ave,CHI01943,41.939408,-87.723574,41.93128,-87.75141,casual,8.0,4,0,4,Spring,False,2.4735607720900936,False,False
7BCBE50120D5B7E3,electric_bike,2026-04-01 00:08:00,2026-04-01 00:12:00,Southport Ave & Wellington Ave,CHI00236,Lincoln Ave & Fullerton Ave,CHI00494,41.93577462,-87.66360015,41.92416103,-87.64638036,member,4.0,4,0,4,Spring,False,1.9227204380375733,False,False
0E28BB2F3D8848BE,electric_bike,2026-04-01 00:08:00,2026-04-01 00:12:00,Dorchester Ave & 53Rd St,CHI02171,,,41.79943,-87.59227,41.79,-87.59,member,4.0,4,0,4,Spring,False,1.0653206142068259,False,False
37F2E10D74A52C3B,electric_bike,2026-04-01 00:05:00,2026-04-01 00:13:00,Broadway & Barry Ave,CHI00390,Halsted St & Clybourn Ave,CHI01161,41.93758232,-87.64409781,41.909668,-87.648128,member,8.0,4,0,4,Spring,False,3.1217882159656676,False,False
9635DE1271CE5E18,electric_bike,2026-04-01 00:11:00,2026-04-01 00:13:00,Southport Ave & Roscoe St,CHI00234,Southport Ave & Newport Ave Public Rack,CHI00834,41.943739,-87.66402,41.944019,-87.663975,member,2.0,4,0,4,Spring,False,0.03135624130957024,True,False
F575D41CEFFBCE01,electric_bike,2026-04-01 00:14:00,2026-04-01 00:16:00,Southport Ave & Roscoe St,CHI00234,Southport Ave & Newport Ave Public Rack,CHI00834,41.943739,-87.66402,41.944019,-87.663975,member,2.0,4,0,4,Spring,False,0.03135624130957024,True,False
4186841AEC4DE3BC,classic_bike,2026-04-01 00:04:00,2026-04-01 00:16:00,Indiana Ave & 26Th St,CHI00237,Indiana Ave & 26Th St,CHI00237,41.845687,-87.622481,41.845687,-87.622481,casual,12.0,4,0,4,Spring,False,0.0,True,False
03D4BE5D0DFCD180,electric_bike,2026-04-01 00:10:00,2026-04-01 00:17:00,Troy St & North Ave,CHI00641,Kedzie Ave & Milwaukee Ave,CHI00378,41.9097693,-87.70528049,41.9297142,-87.7079884,member,7.0,4,0,4,Spring,False,2.229059993441357,False,False
E2F0F2D9BEB9A0B5,classic_bike,2026-04-01 00:10:00,2026-04-01 00:17:00,Sheffield Ave & Addison St,CHI02054,Clarendon Ave & Junior Ter,CHI00395,41.947017,-87.654418,41.961004,-87.649603,member,7.0,4,0,4,Spring,False,1.6054425504497145,False,False
37243A270027ACA6,electric_bike,2026-04-01 00:05:00,2026-04-01 00:17:00,,,,,41.96,-87.67,41.96,-87.68,casual,12.0,4,0,4,Spring,False,0.8268585790799577,False,False
FF40020DC3B6D283,electric_bike,2026-04-01 00:15:00,2026-04-01 00:19:00,Lasalle St & Illinois St,CHI00358,Rush St & Cedar St,CHI00537,41.890762,-87.631697,41.9023087,-87.62769053,casual,4.0,4,0,4,Spring,False,1.326066233262409,False,False
576A134165605E71,electric_bike,2026-04-01 00:18:00,2026-04-01 00:19:00,,,Clark St & Leland Ave,CHI00461,41.97,-87.66,41.96708784,-87.66729087,member,1.0,4,0,4,Spring,False,0.6842445492945648,False,False
902C23DB52ED4587,electric_bike,2026-04-01 00:18:00,2026-04-01 00:20:00,Sheridan Rd & Irving Park Rd,CHI00304,Sheridan Rd & Buena Ave,CHI00468,41.954245,-87.654406,41.95848,-87.65507,casual,2.0,4,0,4,Spring,False,0.4741006655175869,False,False
E21CEE88B5B8C440,electric_bike,2026-04-01 00:17:00,2026-04-01 00:20:00,,,Sangamon St & Washington Blvd,CHI00439,41.88,-87.64,41.883165,-87.6511,member,3.0,4,0,4,Spring,False,0.9840273391401811,False,False
D8C2DCD18E18FFF2,electric_bike,2026-04-01 00:01:00,2026-04-01 00:21:00,Spaulding Ave & Milwaukee Ave,CHI02180,Spaulding Ave & Milwaukee Ave,CHI02180,41.93089,-87.71072,41.93089,-87.71072,member,20.0,4,0,4,Spring,False,0.0,True,False
27F88B5169A71FF9,electric_bike,2026-04-01 00:05:00,2026-04-01 00:22:00,St. Louis Ave & Fullerton Ave,CHI00219,,,41.9248156,-87.71449506,41.91,-87.67,casual,17.0,4,0,4,Spring,False,4.033354750096189,False,False
EF544819C88201CD,electric_bike,2026-04-01 00:18:00,2026-04-01 00:22:00,,,,,41.92,-87.77,41.92,-87.78,member,4.0,4,0,4,Spring,False,0.8273774120763138,False,False
F77A0EAE9006810C,electric_bike,2026-04-01 00:18:00,2026-04-01 00:23:00,Wilton Ave & Addison St,CHI02055,Sheridan Rd & Montrose Ave,CHI00290,41.947459,-87.653216,41.96167,-87.65464,casual,5.0,4,0,4,Spring,False,1.5845725262045431,False,False
65AB909833D81D78,electric_bike,2026-04-01 00:07:00,2026-04-01 00:24:00,Lincoln Park Conservatory,CHI00626,Rockwell St & Division St,CHI02183,41.92393131,-87.63582453,41.90275,-87.69202,casual,17.0,4,0,4,Spring,False,5.212432748149244,False,False
8154BE457F2F554B,electric_bike,2026-04-01 00:13:00,2026-04-01 00:26:00,Drake Ave & Montrose Ave,CHI00227,,,41.96115408,-87.71656907,41.98,-87.69,casual,13.0,4,0,4,Spring,False,3.0358069340124074,False,False
8BBD381296D74A8B,electric_bike,2026-04-01 00:08:00,2026-04-01 00:27:00,Public Rack - Canfield & Victoria,CHI01640,Public Rack - Mulligan & Northwest Hwy,CHI01664,41.985067,-87.823171,41.985317,-87.786721,casual,19.0,4,0,4,Spring,False,3.012835950764519,False,False
1759EB39772A463E,electric_bike,2026-04-01 00:24:00,2026-04-01 00:27:00,State St & Chicago Ave,CHI01772,Dearborn St & Division St,CHI02125,41.8966172,-87.62857854,41.9043,-87.62991,member,3.0,4,0,4,Spring,False,0.8613662039840779,False,False
20421AA56F6A0C04,electric_bike,2026-04-01 00:23:00,2026-04-01 00:28:00,,,,,41.79,-87.6,41.78,-87.6,casual,5.0,4,0,4,Spring,False,1.1119492664455182,False,False
3BDFC99ABF9829BD,classic_bike,2026-04-01 00:25:00,2026-04-01 00:28:00,Damen Ave & Pierce Ave,CHI02057,Claremont Ave & Hirsch St,CHI00404,41.9093581,-87.6777585,41.907781,-87.685854,casual,3.0,4,0,4,Spring,False,0.692495747170146,False,False
DED091AAF3615D14,classic_bike,2026-04-01 00:19:00,2026-04-01 00:30:00,Leavitt St & Augusta Blvd,CHI02120,Ashland Ave & Chicago Ave,CHI00338,41.89962,-87.68194,41.89595436,-87.66772807,member,11.0,4,0,4,Spring,False,1.2448913754709443,False,False
4B4199A31CD98931,electric_bike,2026-04-01 00:28:00,2026-04-01 00:31:00,,,Clark St & Grace St,CHI00301,41.95,-87.66,41.95078,-87.659172,member,3.0,4,0,4,Spring,False,0.11050414148608483,False,False
3296A1E258DCEC56,electric_bike,2026-04-01 00:26:00,2026-04-01 00:31:00,Houston Ave & 92Nd St,CHI00832,Ewing Ave & 97Th St,CHI01991,41.72820422,-87.54970014,41.71982,-87.53542,casual,5.0,4,0,4,Spring,False,1.5078727961519558,False,False
455D13F7B60217D4,electric_bike,2026-04-01 00:27:00,2026-04-01 00:32:00,Clark St & Elm St,CHI00281,,,41.90297,-87.6313,41.91,-87.63,member,5.0,4,0,4,Spring,False,0.7890686060775461,False,False
84F9869D80DEA9ED,electric_bike,2026-04-01 00:31:00,2026-04-01 00:32:00,,,,,41.94,-87.65,41.94,-87.65,casual,1.0,4,0,4,Spring,False,0.0,True,False
93B54C808514B041,electric_bike,2026-04-01 00:18:00,2026-04-01 00:32:00,,,,,41.9,-87.62,41.93,-87.65,member,14.0,4,0,4,Spring,False,4.158103644234421,False,False
B17FD2EF9789238A,electric_bike,2026-04-01 00:22:00,2026-04-01 00:33:00,Spaulding Ave & Milwaukee Ave,CHI02180,,,41.93089,-87.71072,41.93,-87.67,member,11.0,4,0,4,Spring,False,3.3699826775106008,False,False
96E5ACCBC51F8BAA,classic_bike,2026-04-01 00:30:00,2026-04-01 00:35:00,University Ave & 57Th St,CHI00551,Griffin Museum Of Science And Industry,CHI00574,41.791478,-87.599861,41.79172821,-87.58394501,member,5.0,4,0,4,Spring,False,1.3197926789446912,False,False
8D8F08E49A4253C5,electric_bike,2026-04-01 00:33:00,2026-04-01 00:37:00,,,,,41.97,-87.66,41.97,-87.65,member,4.0,4,0,4,Spring,False,0.826728807851056,False,False
98F72D5B6D328AD6,classic_bike,2026-04-01 00:07:00,2026-04-01 00:38:00,Broadway & Cornelia Ave,CHI00430,Broadway & Roscoe Ave,CHI02153,41.945529,-87.646439,41.9436,-87.64532,member,31.0,4,0,4,Spring,False,0.23360912150433052,False,False
1297AA421C0864A2,electric_bike,2026-04-01 00:31:00,2026-04-01 00:38:00,Wabash Ave & Roosevelt Rd,CHI00524,Halsted St & Roosevelt Rd,CHI00364,41.867227,-87.625961,41.867324,-87.648625,casual,7.0,4,0,4,Spring,False,1.876747706434152,False,False
C429D111F78E3528,classic_bike,2026-04-01 00:37:00,2026-04-01 00:41:00,Wells St & Hubbard St,CHI00332,Sedgwick St & Huron St,CHI00241,41.889906,-87.634266,41.894666,-87.638437,member,4.0,4,0,4,Spring,False,0.6319354957192502,False,False
5B08BF955ABA6291,electric_bike,2026-04-01 00:33:00,2026-04-01 00:43:00,,,Rockwell St & Division St,CHI02183,41.92,-87.71,41.90275,-87.69202,member,10.0,4,0,4,Spring,False,2.4275050106214033,False,False
324687B6ED3B4175,classic_bike,2026-04-01 00:41:00,2026-04-01 00:44:00,Sheffield Ave & Waveland Ave,CHI00310,Sheffield Ave & Addison St,CHI02054,41.949399,-87.654529,41.947017,-87.654418,member,3.0,4,0,4,Spring,False,0.26502534636097064,False,False
24F0DFECA2633B07,electric_bike,2026-04-01 00:33:00,2026-04-01 00:45:00,Paulina St & Division St,CHI00244,,,41.9035529,-87.6704292,41.93,-87.7,casual,12.0,4,0,4,Spring,False,3.825541310520464,False,False
CB6FAAA4415E5A81,electric_bike,2026-04-01 00:43:00,2026-04-01 00:47:00,Morgan St & Polk St,CHI00372,Loomis St & Lexington St,CHI00238,41.871737,-87.65103,41.87222873,-87.66136386,casual,4.0,4,0,4,Spring,False,0.8573885503911127,False,False
3C156C49A95B8D0F,classic_bike,2026-04-01 00:45:00,2026-04-01 00:47:00,Western Ave & Winnebago Ave,CHI00282,Milwaukee Ave & Wabansia Ave,CHI00005,41.91552,-87.687022,41.912616,-87.681469,member,2.0,4,0,4,Spring,False,0.5616028220418452,False,False
AAC0C30FD55FF840,electric_bike,2026-04-01 00:42:00,2026-04-01 00:48:00,,,Pine Grove Ave & Irving Park Rd,CHI00482,41.94,-87.65,41.9543646,-87.6479285,casual,6.0,4,0,4,Spring,False,1.6064318953212156,False,False
70C0B6E1ED13FDA2,electric_bike,2026-04-01 00:38:00,2026-04-01 00:49:00,Canal St & Jackson Blvd,CHI00521,Sedgwick St & North Ave,CHI00257,41.878125,-87.639968,41.910983,-87.638525,casual,11.0,4,0,4,Spring,False,3.65559460423818,False,False
8ABC4EF51338F292,electric_bike,2026-04-01 00:49:00,2026-04-01 00:50:00,Wilton Ave & Addison St,CHI02055,Sheffield Ave & Addison St,CHI02054,41.947459,-87.653216,41.947017,-87.654418,member,1.0,4,0,4,Spring,False,0.11089432912437285,False,False
E278C7C37CC7232F,electric_bike,2026-04-01 00:45:00,2026-04-01 00:51:00,Dorchester Ave & 53Rd St,CHI02171,,,41.79943,-87.59227,41.79,-87.59,member,6.0,4,0,4,Spring,False,1.0653206142068259,False,False
6A7279B7E2F528C7,electric_bike,2026-04-01 00:42:00,2026-04-01 00:52:00,Damen Ave & Division St,CHI00318,Central Park Ave & North Ave,CHI00637,41.903266,-87.678435,41.90965688,-87.71663195,casual,10.0,4,0,4,Spring,False,3.2398949490548494,False,False
7499A87718A21F8C,electric_bike,2026-04-01 00:47:00,2026-04-01 00:54:00,Aberdeen St & Carroll Ave,CHI02056,Ogden Ave & Congress Pkwy,CHI00305,41.88819,-87.65459,41.87501,-87.67328,member,7.0,4,0,4,Spring,False,2.1311891352504437,False,False
24873296FA2EAFED,classic_bike,2026-04-01 00:42:00,2026-04-01 00:54:00,Halsted St & Archer Ave,CHI00426,Michigan Ave & 18Th St,CHI00243,41.847203,-87.646795,41.857926,-87.624336,member,12.0,4,0,4,Spring,False,2.209504985204102,False,False
BD357C0D3810D356,electric_bike,2026-04-01 00:47:00,2026-04-01 00:55:00,Lasalle St & Jackson Blvd,CHI00447,May St & Taylor St,CHI00322,41.878166,-87.631929,41.86938,-87.6555,member,8.0,4,0,4,Spring,False,2.1824944786233273,False,False
DED48F50400FC3D9,electric_bike,2026-04-01 00:53:00,2026-04-01 00:55:00,Broadway & Waveland Ave,CHI00496,,,41.949074,-87.648636,41.94,-87.65,member,2.0,4,0,4,Spring,False,1.0152696745468142,False,False
D0662C84CDEC2085,electric_bike,2026-04-01 00:45:00,2026-04-01 00:56:00,Clark St & Fletcher St,CHI02137,Marine Dr & Ainslie St,CHI00617,41.93894,-87.65031,41.9716,-87.650154,member,11.0,4,0,4,Spring,False,3.6316492151868327,False,False
BDC8449CE76A14C3,electric_bike,2026-04-01 00:50:00,2026-04-01 00:57:00,Spaulding Ave & Armitage Ave,CHI00635,,,41.91710803,-87.71022096,41.91,-87.68,member,7.0,4,0,4,Spring,False,2.622599590840633,False,False
95ADDA3249C99A4E,classic_bike,2026-04-01 00:54:00,2026-04-01 01:00:00,Indiana Ave & 26Th St,CHI00237,Calumet Ave & 33Rd St,CHI00224,41.845687,-87.622481,41.83472,-87.61797,casual,6.0,4,0,4,Spring,False,1.2754480077310033,False,False
5F091FE593E5157F,electric_bike,2026-04-01 00:54:00,2026-04-01 01:04:00,Halsted St & Willow St,CHI00407,Broadway & Belmont Ave,CHI00239,41.913865,-87.648755,41.940106,-87.645451,member,10.0,4,0,4,Spring,False,2.9306406692443216,False,False
56BA419F628A86D3,electric_bike,2026-04-01 00:48:00,2026-04-01 01:05:00,Public Rack - Tripp Ave & North Ave,CHI01509,,,41.90995395,-87.73271446,41.86,-87.71,casual,17.0,4,0,4,Spring,False,5.864270994691061,False,False
F8D88D57BBDFB121,electric_bike,2026-04-01 00:18:00,2026-04-01 01:06:00,Michigan Ave & Jackson Blvd,CHI00452,Wells St & Randolph St,CHI00266,41.878556,-87.624146,41.884295,-87.633963,casual,48.0,4,0,4,Spring,False,1.0333237607169057,False,False
112C58EBF4F39A7A,classic_bike,2026-04-01 00:52:00,2026-04-01 01:13:00,Burnham Harbor,CHI00558,Fort Dearborn Dr & 31St St,CHI00222,41.85741179,-87.61379153,41.838556,-87.608218,casual,21.0,4,0,4,Spring,False,2.146892794700755,False,False
2EDD3A70F45653E9,classic_bike,2026-04-01 01:02:00,2026-04-01 01:13:00,Dearborn Pkwy & Delaware Pl,CHI00306,Lakeview Ave & Fullerton Pkwy,CHI00469,41.898969,-87.629912,41.925858,-87.638973,member,11.0,4,1,4,Spring,False,3.0824969751061926,False,False
4DA0CB327337D1F1,electric_bike,2026-04-01 00:59:00,2026-04-01 01:13:00,Kedzie Ave & Milwaukee Ave,CHI00378,Albany Ave & Montrose Ave,CHI01768,41.9297142,-87.7079884,41.961041,-87.705866,casual,14.0,4,0,4,Spring,False,3.487801100415786,False,False
3C53A301F1A29B30,electric_bike,2026-04-01 01:09:00,2026-04-01 01:15:00,,,May St & Taylor St,CHI00322,41.87,-87.68,41.86938,-87.6555,casual,6.0,4,1,4,Spring,False,2.02984310726338,False,False
187E89BB94090A3B,electric_bike,2026-04-01 01:06:00,2026-04-01 01:18:00,,,Paulina St & Division St,CHI00244,41.9,-87.63,41.9035529,-87.6704292,member,12.0,4,1,4,Spring,False,3.3692179656569468,False,False
D5F5A7605B227B2B,electric_bike,2026-04-01 00:54:00,2026-04-01 01:23:00,Rockwell St & Division St,CHI02183,,,41.90275,-87.69202,41.95,-87.65,member,29.0,4,0,4,Spring,False,6.299897294208962,False,False
F51594BA90994B92,electric_bike,2026-04-01 01:22:00,2026-04-01 01:24:00,Wells St & Huron St,CHI00294,Wells St & Hubbard St,CHI00332,41.8947953,-87.6343743,41.889906,-87.634266,casual,2.0,4,1,4,Spring,False,0.543739255658327,False,False
1CCB910E9DD88FF3,classic_bike,2026-04-01 01:09:00,2026-04-01 01:25:00,Vincennes Ave & 107Th St,CHI01971,Vincennes Ave & 104Th St,CHI00861,41.69922,-87.65869,41.70492556,-87.65686811,casual,16.0,4,1,4,Spring,False,0.6522100643186988,False,False
CB621EAFF59D0A12,electric_bike,2026-04-01 01:03:00,2026-04-01 01:26:00,State St & Kinzie St,CHI00288,Millennium Park,CHI01742,41.88948512,-87.62724793,41.8810317,-87.62408432,casual,23.0,4,1,4,Spring,False,0.9757792651850536,False,False
AFACF0990FA26A32,electric_bike,2026-04-01 01:09:00,2026-04-01 01:26:00,State St & Kinzie St,CHI00288,Millennium Park,CHI01742,41.88937547,-87.62707651,41.8810317,-87.62408432,casual,17.0,4,1,4,Spring,False,0.9602817736075807,False,False
ED8920C04A06FBFF,electric_bike,2026-04-01 01:15:00,2026-04-01 01:28:00,,,Campbell Ave & Augusta Blvd,CHI02104,41.92,-87.69,41.899578,-87.689497,member,13.0,4,1,4,Spring,False,2.271204237460204,False,False
5AD0ADDCF0ABF880,electric_bike,2026-04-01 01:22:00,2026-04-01 01:31:00,Clinton St & Madison St,CHI00233,Michigan Ave & 11Th St,CHI02025,41.88166,-87.64115,41.86959,-87.623961,casual,9.0,4,1,4,Spring,False,1.9561951507387823,False,False
D3A67D36640CF567,classic_bike,2026-04-01 00:56:00,2026-04-01 01:31:00,Milwaukee Ave & Armitage Ave,CHI02131,Milwaukee Ave & Armitage Ave,CHI02131,41.91771,-87.68864,41.91771,-87.68864,casual,35.0,4,0,4,Spring,False,0.0,True,False
36147A436AA2F9AC,electric_bike,2026-04-01 01:29:00,2026-04-01 01:31:00,Sheridan Rd & Irving Park Rd,CHI00304,,,41.954245,-87.654406,41.95,-87.65,member,2.0,4,1,4,Spring,False,0.5962907270566512,False,False
1D7875525D0D377E,electric_bike,2026-04-01 01:31:00,2026-04-01 01:34:00,Halsted St & Wrightwood Ave,CHI00504,,,41.929143,-87.649077,41.93,-87.64,casual,3.0,4,1,4,Spring,False,0.7569203994644133,False,False
636010987135F9CC,electric_bike,2026-04-01 01:22:00,2026-04-01 01:34:00,Ashland Ave & Augusta Blvd,CHI02012,Damen Ave/Coulter St,CHI00624,41.89962,-87.66841,41.8492,-87.67564,member,12.0,4,1,4,Spring,False,5.6383161068348056,False,False
C698A5470E6B7C71,electric_bike,2026-04-01 01:26:00,2026-04-01 01:35:00,Clark St & Wrightwood Ave,CHI00287,Sedgwick St & Chicago Ave,CHI02145,41.929546,-87.643118,41.89677,-87.6386,member,9.0,4,1,4,Spring,False,3.6636491462408904,False,False
E7616B5488C40BB5,electric_bike,2026-04-01 01:33:00,2026-04-01 01:38:00,Lincoln Ave & Diversey Pkwy,CHI00285,Lincoln Ave & Fullerton Ave,CHI00494,41.932225,-87.658617,41.92416103,-87.64638036,casual,5.0,4,1,4,Spring,False,1.352322782432915,False,False
BEF6C127C391E755,electric_bike,2026-04-01 01:12:00,2026-04-01 01:41:00,Clark St & Ida B Wells Dr,CHI00216,Sheridan Rd & Irving Park Rd,CHI00304,41.87593267,-87.63058454,41.954245,-87.654406,casual,29.0,4,1,4,Spring,False,8.928229765330238,False,False
D3144724EB8A0137,electric_bike,2026-04-01 01:34:00,2026-04-01 01:41:00,Lincoln Ave & Diversey Pkwy,CHI00285,Broadway & Barry Ave,CHI00390,41.932225,-87.658617,41.93758232,-87.64409781,casual,7.0,4,1,4,Spring,False,1.3406260138759645,False,False
9A2FF42CED93111B,electric_bike,2026-04-01 01:39:00,2026-04-01 01:41:00,Cicero Ave & Lake St,CHI00665,Kostner Ave & Lake St,CHI00677,41.886841,-87.745261,41.885928,-87.73541,casual,2.0,4,1,4,Spring,False,0.8217737073270459,False,False
D7961B8E81380882,classic_bike,2026-04-01 01:33:00,2026-04-01 01:42:00,Logan Blvd & Elston Ave,CHI00410,Southport Ave & Clybourn Ave,CHI00466,41.929465,-87.684158,41.9207449,-87.6636913,casual,9.0,4,1,4,Spring,False,1.9512104409739126,False,False
378B5AA6B325E2AA,electric_bike,2026-04-01 01:28:00,2026-04-01 01:42:00,Dearborn St & Division St,CHI02125,,,41.9043,-87.62991,41.9,-87.69,member,14.0,4,1,4,Spring,False,4.996033637061653,False,False
51AE3C0E399FBF97,electric_bike,2026-04-01 01:33:00,2026-04-01 01:43:00,Public Rack - Irving Park Rd & Leclaire Ave,CHI01573,,,41.953418,-87.754841,41.95,-87.78,casual,10.0,4,1,4,Spring,False,2.114993137694956,False,False
A3EBBB60648FD3BC,electric_bike,2026-04-01 01:51:00,2026-04-01 01:53:00,Orleans St & Merchandise Mart Plaza,CHI00367,,,41.888243,-87.63639,41.89,-87.63,casual,2.0,4,1,4,Spring,False,0.5638769868787196,False,False
A3406A35B3AC1ABD,classic_bike,2026-04-01 01:46:00,2026-04-01 01:56:00,Delano Ct & Roosevelt Rd,CHI00612,Wabash Ave & Jackson Blvd,CHI02168,41.867491,-87.63219,41.87801,-87.62599,casual,10.0,4,1,4,Spring,False,1.2773547500115545,False,False
9FD7E911E1625C38,electric_bike,2026-04-01 01:56:00,2026-04-01 01:57:00,,,Stave St & Armitage Ave,CHI00412,41.92,-87.69,41.917741,-87.691392,member,1.0,4,1,4,Spring,False,0.27633475747989206,False,False
D458B7E64EE5A75F,classic_bike,2026-04-01 01:55:00,2026-04-01 01:58:00,State St & 35Th St,CHI00343,Calumet Ave & 35Th St,CHI00355,41.83103631,-87.62679756,41.831379,-87.618034,casual,3.0,4,1,4,Spring,False,0.7270844134980065,False,False
ED755B9854A8FC60,classic_bike,2026-04-01 01:48:00,2026-04-01 01:59:00,Delano Ct & Roosevelt Rd,CHI00612,Michigan Ave & Lake St,CHI00553,41.867491,-87.63219,41.886022,-87.624398,member,11.0,4,1,4,Spring,False,2.159182965977763,False,False
5E683EE358F13135,classic_bike,2026-04-01 01:57:00,2026-04-01 02:00:00,University Ave & 59Th St,CHI01913,Woodlawn Ave & 58Th St,CHI01996,41.787878,-87.598906,41.789381,-87.596479,member,3.0,4,1,4,Spring,False,0.26157125187479485,False,False
79330565204DAA8D,electric_bike,2026-04-01 01:58:00,2026-04-01 02:01:00,Ritchie Ct & Banks St,CHI00544,,,41.906866,-87.626217,41.9,-87.63,member,3.0,4,1,4,Spring,False,0.8251640740131138,False,False
0001CD70C57B6AC5,electric_bike,2026-04-01 01:52:00,2026-04-01 02:01:00,,,Sawyer Ave & Irving Park Rd,CHI00579,41.93,-87.7,41.9536,-87.70931,casual,9.0,4,1,4,Spring,False,2.7348429160165626,False,False
6F42D38DF9BF9624,classic_bike,2026-04-01 01:36:00,2026-04-01 02:01:00,Kedzie Ave & Armitage Ave,CHI02123,Clark St & Wrightwood Ave,CHI00287,41.91759,-87.70685,41.929546,-87.643118,member,25.0,4,1,4,Spring,False,5.437764810584721,False,False
35A6C3E04F210086,electric_bike,2026-04-01 02:01:00,2026-04-01 02:05:00,,,Kimbark Ave & 53Rd St,CHI00490,41.79,-87.6,41.7994549,-87.5947779,member,4.0,4,2,4,Spring,False,1.1369793483941542,False,False
20506BE7BB13298A,electric_bike,2026-04-01 02:07:00,2026-04-01 02:08:00,Franklin St & Jackson Blvd,CHI02050,,,41.87770796,-87.63532114,41.88,-87.64,casual,1.0,4,2,4,Spring,False,0.4636907259351894,False,False
335B0633AAE29222,classic_bike,2026-04-01 02:09:00,2026-04-01 02:11:00,University Ave & 57Th St,CHI00551,University Ave & 59Th St,CHI01913,41.791478,-87.599861,41.787878,-87.598906,member,2.0,4,2,4,Spring,False,0.4080567024328183,False,False
249D7E3F1C386A1D,electric_bike,2026-04-01 02:09:00,2026-04-01 02:12:00,Kimbark Ave & 53Rd St,CHI00490,,,41.7994549,-87.5947779,41.8,-87.6,member,3.0,4,2,4,Spring,False,0.4371010804534004,False,False
44F7A2C6204D9379,electric_bike,2026-04-01 02:04:00,2026-04-01 02:13:00,,,,,41.93,-87.64,41.91,-87.63,casual,9.0,4,2,4,Spring,False,2.372820693363035,False,False
DDC7ECF67ABDEB5D,electric_bike,2026-04-01 02:09:00,2026-04-01 02:17:00,Wentworth Ave & 107Th St,CHI01939,State St & 95Th St,CHI00748,41.69989,-87.62785,41.7218499,-87.6228544,casual,8.0,4,2,4,Spring,False,2.476789804036783,False,False
74C7F2D58BA3DAB9,classic_bike,2026-04-01 02:15:00,2026-04-01 02:19:00,Western Ave & Division St,CHI00375,California Ave & Division St,CHI00340,41.902893,-87.687275,41.903029,-87.697474,casual,4.0,4,2,4,Spring,False,0.8442029639790609,False,False
0B5A5C9FEB9CB8AF,classic_bike,2026-04-01 02:16:00,2026-04-01 02:19:00,Broadway & Argyle St,CHI00311,Sheridan Rd & Argyle St,CHI00270,41.97423,-87.6597735,41.97328682,-87.65475959,casual,3.0,4,2,4,Spring,False,0.4275523926729445,False,False
7B64CF88157116BB,electric_bike,2026-04-01 02:17:00,2026-04-01 02:20:00,Wells St & Evergreen Ave,CHI00393,Wells St & Institute Pl,CHI01928,41.906724,-87.63483,41.89737986,-87.63442039,casual,3.0,4,2,4,Spring,False,1.0395738315815957,False,False
DB0E97680954DA45,electric_bike,2026-04-01 02:07:00,2026-04-01 02:20:00,South Chicago Ave & Elliot Ave,CHI01315,Ewing Ave & Burnham Greenway,CHI00851,41.747363,-87.580046,41.70999,-87.5355,casual,13.0,4,2,4,Spring,False,5.561930810836622,False,False
FEED5C2146177BB4,electric_bike,2026-04-01 02:16:00,2026-04-01 02:23:00,Broadway & Waveland Ave,CHI00496,Clarendon Ave & Leland Ave,CHI00365,41.949074,-87.648636,41.967968,-87.650001,member,7.0,4,2,4,Spring,False,2.1039466188181675,False,False
7AAF7DC688E74741,classic_bike,2026-04-01 02:20:00,2026-04-01 02:23:00,University Ave & 57Th St,CHI00551,Ellis Ave & 60Th St,CHI00765,41.791478,-87.599861,41.78509715,-87.60107276,member,3.0,4,2,4,Spring,False,0.7165955692528042,False,False
246499CE99155574,electric_bike,2026-04-01 02:14:00,2026-04-01 02:24:00,Halsted St & Roosevelt Rd,CHI00364,Paulina St & Adams St,CHI02136,41.867324,-87.648625,41.87862,-87.66913,member,10.0,4,2,4,Spring,False,2.11190967371095,False,False
34FC5528FB2B98A4,electric_bike,2026-04-01 02:19:00,2026-04-01 02:25:00,900 W Harrison St,CHI01748,Federal St & Polk St,CHI01775,41.874754,-87.649807,41.87207763,-87.62954377,casual,6.0,4,2,4,Spring,False,1.703946689934698,False,False
CFE885B82FA445C6,electric_bike,2026-04-01 02:24:00,2026-04-01 02:27:00,,,,,41.98,-87.65,41.98,-87.66,casual,3.0,4,2,4,Spring,False,0.8265990114396062,False,False
767BFA561E79477F,electric_bike,2026-04-01 02:23:00,2026-04-01 02:29:00,Wentworth Ave & Cermak Rd*,CHI02021,,,41.85321442,-87.6318723,41.84,-87.65,casual,6.0,4,2,4,Spring,False,2.1008988172286345,False,False
48E71BB2D41BE2D1,electric_bike,2026-04-01 02:21:00,2026-04-01 02:36:00,Wabash Ave & Adams St,CHI00786,Wabash Ave & 9Th St,CHI00448,41.87947235,-87.62568861,41.870769,-87.625734,casual,15.0,4,2,4,Spring,False,0.9677756616550139,False,False
23F85B7C5B40873F,electric_bike,2026-04-01 02:33:00,2026-04-01 02:40:00,Dauphin Ave & 87Th St,CHI00881,Wabash Ave & 87Th St,CHI00736,41.73648,-87.601252,41.73655302,-87.62264416,casual,7.0,4,2,4,Spring,False,1.7750376913135064,False,False
E67DF96F8FA1E273,electric_bike,2026-04-01 02:43:00,2026-04-01 02:46:00,Broadway & Cornelia Ave,CHI00430,,,41.945529,-87.646439,41.95,-87.65,casual,3.0,4,2,4,Spring,False,0.5778333561794058,False,False
36B77062687ADEA2,electric_bike,2026-04-01 02:26:00,2026-04-01 02:50:00,,,,,41.98,-87.67,41.96,-87.65,member,24.0,4,2,4,Spring,False,2.771217542358527,False,False
FDCB3B940736E34C,electric_bike,2026-04-01 02:53:00,2026-04-01 02:57:00,,,Ashland Ave & Chicago Ave,CHI00338,41.9,-87.68,41.89595436,-87.66772807,member,4.0,4,2,4,Spring,False,1.1108645165259805,False,False
334ED3CED5E3FBFF,classic_bike,2026-04-01 02:59:00,2026-04-01 03:01:00,Sawyer Ave & Fullerton Ave,CHI02178,Kedzie Ave & Palmer Ct,CHI00442,41.92448,-87.7092,41.921525,-87.707322,member,2.0,4,2,4,Spring,False,0.36346473099546184,False,False
DDF8EAE69BDDC776,electric_bike,2026-04-01 03:08:00,2026-04-01 03:09:00,,,,,41.78,-87.59,41.78,-87.6,member,1.0,4,3,4,Spring,False,0.8291901502819227,False,False
6D36E5CE3ABB1D7B,electric_bike,2026-04-01 03:03:00,2026-04-01 03:10:00,Kedzie Ave & Palmer Ct,CHI00442,Winchester Ave & Elston Ave,CHI00599,41.921525,-87.707322,41.92409085,-87.67646007,member,7.0,4,3,4,Spring,False,2.5692247936971144,False,False
CC9C272877206960,electric_bike,2026-04-01 03:09:00,2026-04-01 03:12:00,,,,,41.94,-87.65,41.94,-87.64,casual,3.0,4,3,4,Spring,False,0.8271180459690483,False,False
4E399C551014F00F,electric_bike,2026-04-01 03:06:00,2026-04-01 03:13:00,Sheridan Rd & Argyle St,CHI00270,Broadway & Thorndale Ave,CHI00571,41.97328682,-87.65475959,41.98974251,-87.66014062,casual,7.0,4,3,4,Spring,False,1.8830725451121895,False,False
15057B5163FBB868,electric_bike,2026-04-01 03:07:00,2026-04-01 03:14:00,Hampden Ct & Diversey Pkwy,CHI02087,,,41.93247,-87.64242,41.95,-87.65,member,7.0,4,3,4,Spring,False,2.04758932734945,False,False
1650229BABF039AB,electric_bike,2026-04-01 03:11:00,2026-04-01 03:16:00,Eddy/Seminary Corral,CHI02065,,,41.9461279,-87.6566721,41.93,-87.64,casual,5.0,4,3,4,Spring,False,2.2622489990469585,False,False
4D4E6EA4583997FF,electric_bike,2026-04-01 03:13:00,2026-04-01 03:18:00,,,Lincoln Park Conservatory,CHI00626,41.91,-87.63,41.92393131,-87.63582453,member,5.0,4,3,4,Spring,False,1.6223257219794907,False,False
41CE446D2F8E0F1A,electric_bike,2026-04-01 03:08:00,2026-04-01 03:20:00,,,,,41.86,-87.69,41.86,-87.64,member,12.0,4,3,4,Spring,False,4.1407744707871625,False,False
DC2B04C96E12FEBA,classic_bike,2026-04-01 03:22:00,2026-04-01 03:30:00,Delano Ct & Roosevelt Rd,CHI00612,Halsted St & Roosevelt Rd,CHI00364,41.867491,-87.63219,41.867324,-87.648625,member,8.0,4,3,4,Spring,False,1.361041594090385,False,False
227396548D202FA7,electric_bike,2026-04-01 03:20:00,2026-04-01 03:31:00,,,Clark St & Lake St,CHI00761,41.92,-87.63,41.88602083,-87.63087606,casual,11.0,4,3,4,Spring,False,3.779006881774368,False,False
ADE03BDBDA7D0EBA,electric_bike,2026-04-01 03:34:00,2026-04-01 03:38:00,State St & Van Buren St,CHI00246,,,41.877181,-87.627844,41.87,-87.63,casual,4.0,4,3,4,Spring,False,0.8182017652858465,False,False
E4666E698662D3EC,electric_bike,2026-04-01 03:37:00,2026-04-01 03:40:00,,,,,41.99,-87.66,41.99,-87.67,member,3.0,4,3,4,Spring,False,0.8264691898506136,False,False
5103202B060F4059,electric_bike,2026-04-01 02:54:00,2026-04-01 03:45:00,Dayton St & North Ave,CHI00240,Sheridan Rd & Irving Park Rd,CHI00304,41.91057803,-87.64942193,41.954245,-87.654406,member,51.0,4,2,4,Spring,False,4.873018137120609,False,False
773E39CDB6F8B2FA,classic_bike,2026-04-01 03:43:00,2026-04-01 03:50:00,Morgan Ave & 14Th Pl,CHI00261,Blue Island Ave & 18Th St,CHI00443,41.862378,-87.651062,41.857556,-87.661535,member,7.0,4,3,4,Spring,False,1.01968001397699,False,False
C8C4EB2CCD1254D4,electric_bike,2026-04-01 03:45:00,2026-04-01 03:51:00,Campbell Ave & North Ave,CHI00341,Public Rack - Spaulding Ave & Evergreen Ave,CHI01003,41.910535,-87.689556,41.905317,-87.709521,member,6.0,4,3,4,Spring,False,1.7510911734597214,False,False
419AD7B3BECCC2ED,electric_bike,2026-04-01 03:54:00,2026-04-01 03:56:00,,,,,41.91,-87.68,41.91,-87.69,member,2.0,4,3,4,Spring,False,0.8275070573268859,False,False
FDB6A1ECF9C3DC98,electric_bike,2026-04-01 03:59:00,2026-04-01 04:03:00,Clark St & Lake St,CHI00761,Canal St & Jackson Blvd,CHI00521,41.88602083,-87.63087606,41.878125,-87.639968,member,4.0,4,3,4,Spring,False,1.156455704795113,False,False
58AAC611B730F3AC,electric_bike,2026-04-01 03:53:00,2026-04-01 04:04:00,,,,,41.98,-87.69,41.96,-87.72,casual,11.0,4,3,4,Spring,False,3.3312233654115944,False,False
809C5E194CDF8606,electric_bike,2026-04-01 04:13:00,2026-04-01 04:17:00,Hampden Ct & Diversey Pkwy,CHI02087,Clark St & Newport St,CHI00674,41.93247,-87.64242,41.94454,-87.654678,casual,4.0,4,4,4,Spring,False,1.6820514241154472,False,False
C1A34E0C832B0DDC,classic_bike,2026-04-01 04:17:00,2026-04-01 04:19:00,Paulina St & Montrose Ave,CHI00463,Wolcott (Ravenswood) Ave & Montrose Ave,CHI00357,41.961507,-87.671387,41.961406,-87.676169,member,2.0,4,4,4,Spring,False,0.39555419948085785,False,False
14599D214E82DF58,electric_bike,2026-04-01 04:14:00,2026-04-01 04:19:00,Larrabee St & Division St,CHI00575,Paulina St & Division St,CHI00244,41.90348607,-87.64335349,41.9035529,-87.6704292,casual,5.0,4,4,4,Spring,False,2.2407738698218154,False,False
5A298075694849A1,electric_bike,2026-04-01 04:21:00,2026-04-01 04:24:00,,,Conservatory Dr & Lake St,CHI01170,41.89,-87.72,41.885502,-87.716866,casual,3.0,4,4,4,Spring,False,0.5634352587023941,False,False
2D406BD3CCBF74CE,classic_bike,2026-04-01 04:08:00,2026-04-01 04:24:00,Stetson Ave & South Water St,CHI00432,Michigan Ave & Jackson Blvd,CHI00452,41.886835,-87.62232,41.878556,-87.624146,casual,16.0,4,4,4,Spring,False,0.9329117167532082,False,False
19C505623CFE30E4,electric_bike,2026-04-01 04:17:00,2026-04-01 04:24:00,,,Wabash Ave & Jackson Blvd,CHI02168,41.87,-87.62,41.87801,-87.62599,casual,7.0,4,4,4,Spring,False,1.0194449264451182,False,False
6571FC1FEBA1D80D,classic_bike,2026-04-01 04:15:00,2026-04-01 04:25:00,Stetson Ave & South Water St,CHI00432,Michigan Ave & Jackson Blvd,CHI00452,41.886835,-87.62232,41.878556,-87.624146,casual,10.0,4,4,4,Spring,False,0.9329117167532082,False,False
3CF875004C2E4953,electric_bike,2026-04-01 04:22:00,2026-04-01 04:26:00,Clifton Ave & Armitage Ave,CHI00421,,,41.918216,-87.656936,41.93,-87.66,member,4.0,4,4,4,Spring,False,1.3346158313522019,False,False
13F159D98820CCCA,electric_bike,2026-04-01 04:24:00,2026-04-01 04:27:00,Mies Van Der Rohe Way & Chestnut St,CHI00418,State St & Chicago Ave,CHI01772,41.89858665,-87.62191523,41.8966172,-87.62857854,member,3.0,4,4,4,Spring,False,0.5933893095624376,False,False
BD6515F07455231E,electric_bike,2026-04-01 04:22:00,2026-04-01 04:27:00,,,Clark St & Berwyn Ave,CHI00530,41.96,-87.67,41.978017,-87.668019,member,5.0,4,4,4,Spring,False,2.010082238083739,False,False
0DE04CA4849E9535,electric_bike,2026-04-01 04:30:00,2026-04-01 04:36:00,New St & Illinois St,CHI00279,,,41.89084704,-87.61861682,41.9,-87.63,member,6.0,4,4,4,Spring,False,1.3869197647526637,False,False
EB3DD2574303A3AC,electric_bike,2026-04-01 04:36:00,2026-04-01 04:42:00,,,Sheffield Ave & Wellington Ave,CHI00274,41.93,-87.67,41.93625348,-87.6526621,casual,6.0,4,4,4,Spring,False,1.5938816629010533,False,False
DB6751E9813CC3C3,electric_bike,2026-04-01 04:35:00,2026-04-01 04:44:00,Larrabee St & Division St,CHI00575,Sangamon St & Adams St,CHI02116,41.90348607,-87.64335349,41.87909,-87.65128,member,9.0,4,4,4,Spring,False,2.790937910049133,False,False
976D6FC138B0B02C,electric_bike,2026-04-01 04:36:00,2026-04-01 04:45:00,Shore Dr & 55Th St,CHI00394,Ellis Ave & 58Th St,CHI00460,41.795212,-87.580715,41.788746,-87.601334,member,9.0,4,4,4,Spring,False,1.8544400560870429,False,False
8ACDE8CC52CC7AFD,electric_bike,2026-04-01 04:43:00,2026-04-01 04:45:00,,,Peoria St & Jackson Blvd,CHI00402,41.88,-87.64,41.8776416,-87.64961779,member,2.0,4,4,4,Spring,False,0.8383393721962618,False,False
DA0B0BA503D41B54,electric_bike,2026-04-01 04:39:00,2026-04-01 04:46:00,Harper Ave & 55Th St,CHI02167,,,41.7953,-87.58833,41.79,-87.6,member,7.0,4,4,4,Spring,False,1.1328369012028527,False,False
B50F0905599D7924,electric_bike,2026-04-01 04:48:00,2026-04-01 04:53:00,Damen Ave & Cortland St,CHI00388,California Ave & Milwaukee Ave,CHI00307,41.915983,-87.677335,41.922695,-87.697153,member,5.0,4,4,4,Spring,False,1.8015783047419838,False,False
3DB82FC3D2BA89BB,electric_bike,2026-04-01 04:56:00,2026-04-01 04:58:00,Green St & Madison St,CHI00347,Clinton St & Madison St,CHI00233,41.88185933,-87.64926374,41.88166,-87.64115,member,2.0,4,4,4,Spring,False,0.6720802429980517,False,False
9D035582F2247905,electric_bike,2026-04-01 04:54:00,2026-04-01 04:59:00,Cottage Grove Ave & Oakwood Blvd,CHI00400,Indiana Ave & 40Th St,CHI00256,41.822985,-87.6071,41.82168,-87.6216,member,5.0,4,4,4,Spring,False,1.2102624233713164,False,False
3C7BC2E18588A5F6,classic_bike,2026-04-01 04:34:00,2026-04-01 05:00:00,Dusable Lake Shore Dr & Belmont Ave,CHI00480,Canal St & Jackson Blvd,CHI00521,41.940775,-87.639192,41.878125,-87.639968,member,26.0,4,4,4,Spring,False,6.966658111490759,False,False
25AF4D38294846EC,electric_bike,2026-04-01 04:58:00,2026-04-01 05:00:00,,,,,41.95,-87.67,41.95,-87.68,casual,2.0,4,4,4,Spring,False,0.8269883251202553,False,False
50E23F33ACC00328,electric_bike,2026-04-01 04:57:00,2026-04-01 05:02:00,Damen Ave & Thomas St (Augusta Blvd),CHI00296,,,41.901315,-87.677409,41.89,-87.68,member,5.0,4,4,4,Spring,False,1.2763166918112676,False,False
E1F337031A7C699F,electric_bike,2026-04-01 04:57:00,2026-04-01 05:02:00,Southport Ave & Wellington Ave,CHI00236,,,41.93577462,-87.66360015,41.93,-87.65,member,5.0,4,4,4,Spring,False,1.2953646903018754,False,False
7368273A5415A6B5,electric_bike,2026-04-01 05:02:00,2026-04-01 05:05:00,Lincoln Ave & Balmoral Ave,CHI02149,,,41.979461,-87.693013,41.98,-87.7,member,3.0,4,5,4,Spring,False,0.580648628781767,False,False
230EB5EA6A5CB692,electric_bike,2026-04-01 05:01:00,2026-04-01 05:05:00,Lasalle St & Jackson Blvd,CHI00447,Clinton St & Lake St,CHI01746,41.878166,-87.631929,41.885637,-87.641823,casual,4.0,4,5,4,Spring,False,1.1666371912118836,False,False
6020998EA7F1A2EB,electric_bike,2026-04-01 05:04:00,2026-04-01 05:07:00,Sheffield Ave & Webster Ave,CHI00507,Lincoln Ave & Fullerton Ave,CHI00494,41.92154,-87.653818,41.92416103,-87.64638036,member,3.0,4,5,4,Spring,False,0.6808752314119915,False,False
113AA6038FE8263C,electric_bike,2026-04-01 05:06:00,2026-04-01 05:10:00,,,Orleans St & Hubbard St,CHI00750,41.9,-87.63,41.890028,-87.636618,member,4.0,4,5,4,Spring,False,1.2367585853480585,False,False
989FD176953E1B6B,electric_bike,2026-04-01 05:06:00,2026-04-01 05:11:00,Franklin St & Illinois St,CHI00648,Sangamon St & Lake St,CHI00242,41.89102331,-87.63547987,41.88577925,-87.65102461,member,5.0,4,5,4,Spring,False,1.412730075470961,False,False
9CB12593252940D3,electric_bike,2026-04-01 05:06:00,2026-04-01 05:13:00,,,Lasalle St & Illinois St,CHI00358,41.91,-87.63,41.890762,-87.631697,member,7.0,4,5,4,Spring,False,2.143773700241329,False,False
4F53E3F6A2A9FE01,electric_bike,2026-04-01 05:11:00,2026-04-01 05:14:00,Larrabee St & Oak St,CHI00701,Wells St & Institute Pl,CHI01928,41.900381,-87.642002,41.89737986,-87.63442039,casual,3.0,4,5,4,Spring,False,0.7107113849373348,False,False
73B0623C58DA4735,electric_bike,2026-04-01 05:11:00,2026-04-01 05:15:00,Michigan Ave & Washington St,CHI01677,Franklin St & Monroe St,CHI00449,41.88398406,-87.62468398,41.880317,-87.635185,member,4.0,4,5,4,Spring,False,0.9602234759302362,False,False
5936AAE4CEDB9269,electric_bike,2026-04-01 05:10:00,2026-04-01 05:16:00,Sangamon St & Adams St,CHI02116,Kingsbury St & Kinzie St 1,CHI00299,41.87909,-87.65128,41.88907,-87.63835,member,6.0,4,5,4,Spring,False,1.5418328787535245,False,False
5E0D07ED64D5CD86,electric_bike,2026-04-01 05:04:00,2026-04-01 05:16:00,Hampden Ct & Diversey Pkwy,CHI02087,Lakefront Trail & Wilson Ave,CHI01209,41.93247,-87.64242,41.9668559,-87.6430926,member,12.0,4,5,4,Spring,False,3.823942202779096,False,False
F8B4A141D9FCC0D0,electric_bike,2026-04-01 05:15:00,2026-04-01 05:18:00,Peoria St & Jackson Blvd,CHI00402,Canal St & Jackson Blvd,CHI00521,41.8776416,-87.64961779,41.878125,-87.639968,member,3.0,4,5,4,Spring,False,0.800734717477665,False,False
5602E1EAE3ED6412,electric_bike,2026-04-01 05:08:00,2026-04-01 05:20:00,Mccormick Place,CHI00607,Mcclurg Ct & Erie St,CHI00419,41.85137517,-87.61883465,41.894503,-87.617854,member,12.0,4,5,4,Spring,False,4.796283233263049,False,False
094C9C97C5CE07C5,electric_bike,2026-04-01 05:06:00,2026-04-01 05:22:00,,,Rush St & Superior St,CHI00368,41.9,-87.69,41.89576475,-87.62590803,casual,16.0,4,5,4,Spring,False,5.325525785182051,False,False
1F5C917B1022F487,electric_bike,2026-04-01 05:17:00,2026-04-01 05:23:00,Canal St & Adams St,CHI01743,Sangamon St & Lake St,CHI00242,41.879255,-87.639904,41.88577925,-87.65102461,member,6.0,4,5,4,Spring,False,1.1721198769726153,False,False
5151E8657F8DD27D,electric_bike,2026-04-01 04:57:00,2026-04-01 05:23:00,Shields Ave & 31St St,CHI00556,,,41.838464,-87.635406,41.91,-87.65,member,26.0,4,4,4,Spring,False,8.045694845368105,False,False
58DCF92DF4557334,electric_bike,2026-04-01 05:12:00,2026-04-01 05:26:00,,,Public Rack - Milwaukee Ave & Higgins Ave,CHI01581,41.92,-87.76,41.9685964,-87.7612092,member,14.0,4,5,4,Spring,False,5.404598505242367,False,False
9C4758BE29C5D826,electric_bike,2026-04-01 05:21:00,2026-04-01 05:27:00,Larrabee St & Kingsbury St 1,CHI00245,Clinton St & Washington Blvd,CHI00509,41.897764,-87.642884,41.88281,-87.6412,member,6.0,4,5,4,Spring,False,1.6686415352393915,False,False
1E24F6FA4964E419,electric_bike,2026-04-01 05:26:00,2026-04-01 05:28:00,Calumet Ave & 33Rd St,CHI00224,State St & 33Rd St,CHI00223,41.83472,-87.61797,41.834734,-87.625813,member,2.0,4,5,4,Spring,False,0.6497803969399519,False,False
82CCA4E02BB9B90A,electric_bike,2026-04-01 05:26:00,2026-04-01 05:28:00,Milwaukee Ave & Grand Ave,CHI01750,Kingsbury St & Kinzie St 1,CHI00299,41.891578,-87.648384,41.88907,-87.63835,member,2.0,4,5,4,Spring,False,0.8761447228835704,False,False
39EC1C8ACA1B903B,electric_bike,2026-04-01 05:24:00,2026-04-01 05:28:00,Wentworth Ave & 24Th St,CHI00409,Halsted St & 18Th St,CHI00424,41.85008369,-87.63214052,41.85750568,-87.64599144,member,4.0,4,5,4,Spring,False,1.4131971899615852,False,False
04BEEE96E7B10B47,classic_bike,2026-04-01 05:25:00,2026-04-01 05:29:00,Canal St & Madison St,CHI00498,Kingsbury St & Kinzie St 1,CHI00299,41.882409,-87.639767,41.88907,-87.63835,member,4.0,4,5,4,Spring,False,0.749900660028914,False,False
ABC2FAA0CC8AFA5C,electric_bike,2026-04-01 05:22:00,2026-04-01 05:29:00,California Ave & Francis Pl,CHI00512,Damen Ave & Division St,CHI00318,41.91849115,-87.6974228,41.903266,-87.678435,casual,7.0,4,5,4,Spring,False,2.3097364142257115,False,False
29158D34D5692BF2,electric_bike,2026-04-01 05:29:00,2026-04-01 05:30:00,Malden St & Wilson Ave,CHI02151,Broadway & Wilson Ave,CHI00272,41.96526,-87.66275,41.965221,-87.658139,member,1.0,4,5,4,Spring,False,0.38125779863739134,False,False
3481DD4BAE187770,classic_bike,2026-04-01 05:29:00,2026-04-01 05:32:00,Harper Ave & 55Th St,CHI02167,Woodlawn Ave & 55Th St,CHI00423,41.7953,-87.58833,41.795264,-87.596471,casual,3.0,4,5,4,Spring,False,0.6748946802983405,False,False
33A26CEA7B3158DF,electric_bike,2026-04-01 05:29:00,2026-04-01 05:32:00,,,Wilton Ave & Diversey Pkwy,CHI02052,41.93,-87.64,41.932418,-87.652705,casual,3.0,4,5,4,Spring,False,1.084844790008957,False,False
E08D5B1667515D27,classic_bike,2026-04-01 05:24:00,2026-04-01 05:32:00,Canal St & Madison St,CHI00498,Larrabee St & Kingsbury St 2,CHI02169,41.882409,-87.639767,41.89758,-87.6429,member,8.0,4,5,4,Spring,False,1.7067564020691748,False,False
6A5C3859D2750E95,electric_bike,2026-04-01 05:25:00,2026-04-01 05:33:00,,,Larrabee St & Kingsbury St 2,CHI02169,41.93,-87.65,41.89758,-87.6429,member,8.0,4,5,4,Spring,False,3.652497699988179,False,False
C04AA1AB36F46E7C,electric_bike,2026-04-01 05:29:00,2026-04-01 05:34:00,Halsted St & Archer Ave,CHI00426,Shields Ave & 31St St,CHI00556,41.847203,-87.646795,41.838464,-87.635406,member,5.0,4,5,4,Spring,False,1.3543783447681603,False,False
6D8D197E503C2AA9,electric_bike,2026-04-01 05:28:00,2026-04-01 05:35:00,Wells St & Walton St,CHI00260,Wacker Dr & Randolph St,CHI02140,41.89996016,-87.63438439,41.88454,-87.63732,member,7.0,4,5,4,Spring,False,1.731775772373088,False,False
3A99EB1978C5396D,classic_bike,2026-04-01 05:33:00,2026-04-01 05:36:00,Kingsbury St & Erie St,CHI02028,Kingsbury St & Kinzie St 2,CHI02181,41.8939139,-87.6417358,41.889188,-87.638387,member,3.0,4,5,4,Spring,False,0.5941242103089854,False,False
6C59BDC67FFB842A,electric_bike,2026-04-01 05:28:00,2026-04-01 05:38:00,Lakeview Ave & Fullerton Pkwy,CHI00469,Kingsbury St & Kinzie St 2,CHI02181,41.925858,-87.638973,41.889188,-87.638387,member,10.0,4,5,4,Spring,False,4.077806317430342,False,False
95B0504A405714AC,electric_bike,2026-04-01 05:35:00,2026-04-01 05:38:00,Damen Ave & Foster Ave,CHI00625,Ravenswood Ave & Lawrence Ave,CHI00508,41.97581098,-87.6795099,41.968445,-87.674226,casual,3.0,4,5,4,Spring,False,0.9282623066078646,False,False
96E8AF24A8E5DCE3,electric_bike,2026-04-01 05:32:00,2026-04-01 05:39:00,Michigan Ave & Jackson Blvd,CHI00452,Canal St & Adams St,CHI01743,41.878556,-87.624146,41.879255,-87.639904,member,7.0,4,5,4,Spring,False,1.3069338750800994,False,False
6F9A54FD401CCF7A,electric_bike,2026-04-01 05:37:00,2026-04-01 05:39:00,Shields Ave & 31St St,CHI00556,Wentworth Ave & 33Rd St,CHI00519,41.838464,-87.635406,41.83452989,-87.63182298,member,2.0,4,5,4,Spring,False,0.5286571117031296,False,False
6214D34CC0D67404,electric_bike,2026-04-01 05:37:00,2026-04-01 05:39:00,,,Lasalle St & Jackson Blvd,CHI00447,41.88,-87.63,41.878166,-87.631929,member,2.0,4,5,4,Spring,False,0.2590236103226592,False,False
A934119AF89FA0C1,electric_bike,2026-04-01 05:30:00,2026-04-01 05:40:00,,,Sangamon St & Lake St,CHI00242,41.89,-87.62,41.88577925,-87.65102461,member,10.0,4,5,4,Spring,False,2.610728783259665,False,False
CB07F2CD4A7BA5DE,electric_bike,2026-04-01 05:40:00,2026-04-01 05:41:00,,,,,41.9,-87.63,41.9,-87.63,casual,1.0,4,5,4,Spring,False,0.0,True,False
A5914E61F74F9720,classic_bike,2026-04-01 05:24:00,2026-04-01 05:41:00,Federal St & Polk St,CHI01775,Hermitage Ave & Polk St,CHI00283,41.87207763,-87.62954377,41.871514,-87.669886,member,17.0,4,5,4,Spring,False,3.340933078396289,False,False
7EEFF8EA525F497A,electric_bike,2026-04-01 05:35:00,2026-04-01 05:41:00,Racine Ave & Belmont Ave,CHI00411,,,41.939743,-87.658865,41.94,-87.67,casual,6.0,4,5,4,Spring,False,0.9214410442336368,False,False
1A0C0BA1B969684C,electric_bike,2026-04-01 05:30:00,2026-04-01 05:42:00,Mcclurg Ct & Erie St,CHI00419,Theater On The Lake,CHI00420,41.894503,-87.617854,41.926277,-87.630834,member,12.0,4,5,4,Spring,False,3.692767912544715,False,False
3635510C873F134F,classic_bike,2026-04-01 05:42:00,2026-04-01 05:43:00,Clinton St & Washington Blvd 2,CHI02196,Clinton St & Madison St,CHI00233,41.88338,-87.64117,41.88166,-87.64115,member,1.0,4,5,4,Spring,False,0.1912624406344375,False,False
520BBE8775543065,electric_bike,2026-04-01 05:39:00,2026-04-01 05:43:00,Millennium Park,CHI01742,,,41.8810317,-87.62408432,41.89,-87.63,member,4.0,4,5,4,Spring,False,1.1109846081847565,False,False
4FF9DA1AEB2BA984,electric_bike,2026-04-01 05:36:00,2026-04-01 05:44:00,Green St & Chicago Ave,CHI02095,Franklin St & Monroe St,CHI00449,41.893392,-87.650737,41.880317,-87.635185,casual,8.0,4,5,4,Spring,False,1.9419478666671035,False,False
D9D604D44BDABCA8,classic_bike,2026-04-01 05:41:00,2026-04-01 05:44:00,Clinton St & Washington Blvd 2,CHI02196,Clinton St & Jackson Blvd,CHI01091,41.88338,-87.64117,41.87831661,-87.64098108,member,3.0,4,5,4,Spring,False,0.5632404775304274,False,False
8E01D101E14654E0,electric_bike,2026-04-01 05:40:00,2026-04-01 05:44:00,,,,,41.79,-87.59,41.79,-87.6,member,4.0,4,5,4,Spring,False,0.8290608330340928,False,False
4386EB401344E495,electric_bike,2026-04-01 05:41:00,2026-04-01 05:44:00,,,Clark St & Lake St,CHI00761,41.88,-87.64,41.88602083,-87.63087606,member,3.0,4,5,4,Spring,False,1.0093250283065889,False,False
B078FE05F919F8FA,electric_bike,2026-04-01 05:38:00,2026-04-01 05:45:00,Clinton St & Jackson Blvd,CHI01091,Halsted St & Roosevelt Rd,CHI00364,41.87831661,-87.64098108,41.867324,-87.648625,casual,7.0,4,5,4,Spring,False,1.3764609712271179,False,False
419518B47E48119D,electric_bike,2026-04-01 05:39:00,2026-04-01 05:45:00,Leavitt St & Chicago Ave,CHI00713,Wood St & Milwaukee Ave,CHI02119,41.895501,-87.682017,41.90629,-87.67151,member,6.0,4,5,4,Spring,False,1.481693716499959,False,False
47D09182EF0C962A,electric_bike,2026-04-01 05:41:00,2026-04-01 05:45:00,,,Larrabee St & Kingsbury St 2,CHI02169,41.9,-87.63,41.89758,-87.6429,casual,4.0,4,5,4,Spring,False,1.1010598891648613,False,False
EB38EC8A333D7753,electric_bike,2026-04-01 05:36:00,2026-04-01 05:46:00,Franklin St & Washington St,CHI02074,Paulina St & Flournoy St,CHI00627,41.88318,-87.63511,41.87306109,-87.66913489,member,10.0,4,5,4,Spring,False,3.0333874787120996,False,False
991166621009F5EA,electric_bike,2026-04-01 05:43:00,2026-04-01 05:46:00,Desplaines St & Kinzie St,CHI00517,Wacker Dr & Randolph St,CHI02140,41.88871604,-87.64444785,41.88454,-87.63732,member,3.0,4,5,4,Spring,False,0.7508559710102726,False,False
6FE5ECAE644A71E5,classic_bike,2026-04-01 05:42:00,2026-04-01 05:46:00,Canal St & Madison St,CHI00498,Lasalle St & Jackson Blvd,CHI00447,41.882409,-87.639767,41.878166,-87.631929,member,4.0,4,5,4,Spring,False,0.8022897910455551,False,False
07AEA7F35C0EF819,classic_bike,2026-04-01 05:38:00,2026-04-01 05:46:00,Clark St & Ida B Wells Dr,CHI00216,St Clair St & Ohio St,CHI02143,41.87593267,-87.63058454,41.89238,-87.62264,casual,8.0,4,5,4,Spring,False,1.9435209632841532,False,False
3F37A09501D32289,electric_bike,2026-04-01 05:41:00,2026-04-01 05:46:00,Sheridan Rd & Montrose Ave,CHI00290,Ravenswood Ave & Lawrence Ave,CHI00508,41.96167,-87.65464,41.968445,-87.674226,casual,5.0,4,5,4,Spring,False,1.7860138996651995,False,False
40A2F0B98996D7C6,electric_bike,2026-04-01 05:42:00,2026-04-01 05:46:00,Theater On The Lake,CHI00420,,,41.926277,-87.630834,41.94,-87.64,member,4.0,4,5,4,Spring,False,1.7039221458952387,False,False
0BC2F66015C08727,electric_bike,2026-04-01 05:40:00,2026-04-01 05:47:00,,,Clinton St & Madison St,CHI00233,41.9,-87.66,41.88166,-87.64115,member,7.0,4,5,4,Spring,False,2.567761915271054,False,False
AD2459CD4F95457B,electric_bike,2026-04-01 05:44:00,2026-04-01 05:47:00,,,Clark St & Lake St,CHI00761,41.88,-87.64,41.88602083,-87.63087606,member,3.0,4,5,4,Spring,False,1.0093250283065889,False,False
77E12A009F2FC88D,classic_bike,2026-04-01 05:42:00,2026-04-01 05:47:00,Pine Grove Ave & Irving Park Rd,CHI00482,Sheridan Rd & Montrose Ave,CHI00290,41.9543646,-87.6479285,41.96167,-87.65464,member,5.0,4,5,4,Spring,False,0.9837955631879829,False,False
1C46394F6557E2A9,classic_bike,2026-04-01 05:42:00,2026-04-01 05:47:00,Broadway & Cornelia Ave,CHI00430,Clark St & Wellington Ave,CHI00377,41.945529,-87.646439,41.93649682,-87.64753866,casual,5.0,4,5,4,Spring,False,1.0084426015812786,False,False
771622B17CD1C711,electric_bike,2026-04-01 05:41:00,2026-04-01 05:47:00,Broadway & Oakdale Ave,CHI02088,Clark St & Lincoln Ave,CHI00413,41.93558,-87.64405,41.915689,-87.6346,member,6.0,4,5,4,Spring,False,2.3458854385204746,False,False
5AF621E7BC6B9DEA,electric_bike,2026-04-01 05:42:00,2026-04-01 05:48:00,,,,,41.91,-87.63,41.89,-87.63,member,6.0,4,5,4,Spring,False,2.223898532890329,False,False
094CCAAC9889623C,electric_bike,2026-04-01 05:41:00,2026-04-01 05:48:00,Clinton St & Washington Blvd 2,CHI02196,Larrabee St & Kingsbury St 2,CHI02169,41.88338,-87.64117,41.89758,-87.6429,member,7.0,4,5,4,Spring,False,1.585448443196321,False,False
8F3FF0D4625135BC,electric_bike,2026-04-01 05:43:00,2026-04-01 05:48:00,Calumet Ave & 18Th St,CHI02039,Wabash Ave & Roosevelt Rd,CHI00524,41.85761755,-87.61941075,41.867227,-87.625961,member,5.0,4,5,4,Spring,False,1.198324813755147,False,False
14A0FFF2DC3381A6,electric_bike,2026-04-01 05:43:00,2026-04-01 05:48:00,Calumet Ave & 18Th St,CHI02039,Wabash Ave & Roosevelt Rd,CHI00524,41.85761755,-87.61941075,41.867227,-87.625961,member,5.0,4,5,4,Spring,False,1.198324813755147,False,False
FC7D34A7F9C740F5,electric_bike,2026-04-01 05:42:00,2026-04-01 05:48:00,,,Kingsbury St & Kinzie St 2,CHI02181,41.9,-87.63,41.889188,-87.638387,member,6.0,4,5,4,Spring,False,1.3882688104491263,False,False
2EDCFFECDF5FDD01,electric_bike,2026-04-01 05:45:00,2026-04-01 05:48:00,Canal St & Madison St,CHI00498,Franklin St & Monroe St,CHI00449,41.882409,-87.639767,41.880317,-87.635185,casual,3.0,4,5,4,Spring,False,0.444978746030997,False,False
DDB6A9378935A4C9,electric_bike,2026-04-01 05:37:00,2026-04-01 05:48:00,Racine Ave & 15Th St,CHI00434,Franklin St & Adams St,CHI00453,41.861267,-87.656625,41.87943409,-87.63550401,member,11.0,4,5,4,Spring,False,2.671942119886505,False,False
8642FAFBB7E11832,electric_bike,2026-04-01 05:44:00,2026-04-01 05:49:00,Western Ave & Roscoe St,CHI00614,,,41.943034,-87.687288,41.94,-87.67,member,5.0,4,5,4,Spring,False,1.469147416951225,False,False
07337FFA25A58EE3,classic_bike,2026-04-01 05:45:00,2026-04-01 05:49:00,Clinton St & Washington Blvd,CHI00509,Dearborn St & Washington St,CHI02176,41.88281,-87.6412,41.88299,-87.6293,member,4.0,4,5,4,Spring,False,0.9853546400610271,False,False
69120F8A95763B0E,electric_bike,2026-04-01 05:46:00,2026-04-01 05:49:00,Clark St & Lake St,CHI00761,Lasalle Dr & Huron St,CHI00640,41.88602083,-87.63087606,41.894877,-87.632326,casual,3.0,4,5,4,Spring,False,0.9920481041897038,False,False
4AD1A2A4FFD9AE1C,electric_bike,2026-04-01 05:46:00,2026-04-01 05:49:00,Wells St & Huron St,CHI00294,State St & Chicago Ave,CHI01772,41.8947953,-87.6343743,41.8966172,-87.62857854,casual,3.0,4,5,4,Spring,False,0.5207334913295844,False,False
0764A3619E3251C6,classic_bike,2026-04-01 05:44:00,2026-04-01 05:50:00,Pine Grove Ave & Irving Park Rd,CHI00482,Sheridan Rd & Montrose Ave,CHI00290,41.9543646,-87.6479285,41.96167,-87.65464,member,6.0,4,5,4,Spring,False,0.9837955631879829,False,False
168406BF04A891D1,classic_bike,2026-04-01 05:47:00,2026-04-01 05:50:00,Green St & Madison St,CHI00347,Aberdeen St & Randolph St,CHI00715,41.88185933,-87.64926374,41.884114,-87.654264,member,3.0,4,5,4,Spring,False,0.48395156468654765,False,False
A630E5EFBE1C9626,classic_bike,2026-04-01 05:48:00,2026-04-01 05:50:00,Clark St & Schiller St,CHI00462,Clark St & Elm St,CHI00281,41.907993,-87.631501,41.90297,-87.6313,member,2.0,4,5,4,Spring,False,0.5587797575586609,False,False
FD6EFE8A11C7C01C,electric_bike,2026-04-01 05:31:00,2026-04-01 05:51:00,Pine Grove Ave & Wellington Ave,CHI02158,Lasalle St & Calhoun Pl,CHI01666,41.93651,-87.64119,41.882664,-87.63253,member,20.0,4,5,4,Spring,False,6.030135594170998,False,False
21C3027555536C81,electric_bike,2026-04-01 05:49:00,2026-04-01 05:51:00,Ritchie Ct & Banks St,CHI00544,Clark St & Elm St,CHI00281,41.906866,-87.626217,41.90297,-87.6313,member,2.0,4,5,4,Spring,False,0.6038431189556915,False,False
A0C35948C00A8F4E,electric_bike,2026-04-01 05:41:00,2026-04-01 05:51:00,Wells St & Concord Ln,CHI00396,Fulton Market,CHI01880,41.912133,-87.634656,41.886871,-87.648089,member,10.0,4,5,4,Spring,False,3.0210189034544075,False,False
38530377711D1ADA,electric_bike,2026-04-01 05:50:00,2026-04-01 05:53:00,Halsted St & Lake St,CHI02121,Clinton St & Washington Blvd 2,CHI02196,41.88576,-87.64711,41.88338,-87.64117,casual,3.0,4,5,4,Spring,False,0.5584260715676229,False,False
9FBBFDD149651804,classic_bike,2026-04-01 05:52:00,2026-04-01 05:53:00,Wabash Ave & Washington St,CHI02108,Michigan Ave & Washington St,CHI01677,41.8832,-87.62662,41.88398406,-87.62468398,member,1.0,4,5,4,Spring,False,0.1824513255794467,False,False
1E7764A7C86350AC,electric_bike,2026-04-01 05:52:00,2026-04-01 05:54:00,,,,,41.88,-87.65,41.88,-87.65,casual,2.0,4,5,4,Spring,False,0.0,True,False
FFE8C1FA4B87717E,classic_bike,2026-04-01 05:47:00,2026-04-01 05:54:00,Damen Ave & Ohio St,CHI00417,Ashland Ave & Chicago Ave,CHI00338,41.89239445,-87.67688513,41.89595436,-87.66772807,member,7.0,4,5,4,Spring,False,0.8550830294992126,False,False
9A0936D83B3A0AC9,electric_bike,2026-04-01 05:50:00,2026-04-01 05:54:00,,,,,41.93,-87.64,41.93,-87.65,member,4.0,4,5,4,Spring,False,0.8272477416223847,False,False
D6161CA8D9FEFBE0,electric_bike,2026-04-01 05:53:00,2026-04-01 05:54:00,W Washington Blvd & N Peoria St,CHI00806,,,41.883043,-87.649931,41.88,-87.65,casual,1.0,4,5,4,Spring,False,0.338414376653595,False,False
D9485FB6E36FA1F3,electric_bike,2026-04-01 05:47:00,2026-04-01 05:54:00,Wells St & Evergreen Ave,CHI00393,Franklin St & Monroe St,CHI00449,41.906724,-87.63483,41.880317,-87.635185,member,7.0,4,5,4,Spring,False,2.9364714488974744,False,False
90390B11FEBD5C72,electric_bike,2026-04-01 05:47:00,2026-04-01 05:54:00,Pine Grove Ave & Waveland Ave,CHI00354,,,41.94947274,-87.64645278,41.94,-87.67,member,7.0,4,5,4,Spring,False,2.2140901818957066,False,False
2D86C93FF71E3AD4,electric_bike,2026-04-01 05:46:00,2026-04-01 05:54:00,Pine Grove Ave & Waveland Ave,CHI00354,,,41.94947274,-87.64645278,41.94,-87.67,member,8.0,4,5,4,Spring,False,2.2140901818957066,False,False
46D2AF1CDE4EF4F1,electric_bike,2026-04-01 05:49:00,2026-04-01 05:54:00,Clark St & Elm St,CHI00281,St. Clair St & Erie St 2,CHI02182,41.90297,-87.6313,41.89445,-87.62268,member,5.0,4,5,4,Spring,False,1.1859692271794213,False,False
633092F9D89D2C2E,electric_bike,2026-04-01 05:46:00,2026-04-01 05:55:00,,,Clark St & Elm St,CHI00281,41.93,-87.64,41.90297,-87.6313,member,9.0,4,5,4,Spring,False,3.090601891851058,False,False
6BEE53C4ED07FD39,electric_bike,2026-04-01 05:52:00,2026-04-01 05:55:00,New St & Illinois St,CHI00279,,,41.89084704,-87.61861682,41.89,-87.62,casual,3.0,4,5,4,Spring,False,0.14825664190414453,False,False
E60A12A7767A972B,electric_bike,2026-04-01 05:46:00,2026-04-01 05:56:00,Noble St & Ohio St,CHI02103,Mies Van Der Rohe Way & Chicago Ave,CHI00470,41.89242,-87.66206,41.89694463,-87.62175769,member,10.0,4,5,4,Spring,False,3.37357163531957,False,False
C369201015BA562A,electric_bike,2026-04-01 05:54:00,2026-04-01 05:56:00,Sheffield Ave & Fullerton Ave,CHI00225,,,41.9256163,-87.6536574,41.93,-87.65,member,2.0,4,5,4,Spring,False,0.5737161391341125,False,False
C54AB2CAB4475E50,electric_bike,2026-04-01 05:48:00,2026-04-01 05:56:00,Central Park Ave & Bloomingdale Ave,CHI00702,Damen Ave & St Paul Ave,CHI02135,41.914166,-87.716755,41.91301,-87.67778,member,8.0,4,5,4,Spring,False,3.2275880898838363,False,False
58BCCBEAB30D06F3,electric_bike,2026-04-01 05:46:00,2026-04-01 05:57:00,Clark St & Arlington Pl,CHI02109,State St & Chicago Ave,CHI01772,41.92694,-87.64148,41.8966172,-87.62857854,member,11.0,4,5,4,Spring,False,3.536715644164166,False,False
571EEBEC35E1B774,classic_bike,2026-04-01 05:45:00,2026-04-01 05:57:00,Wabash Ave & 16Th St,CHI00604,Canal St & Jackson Blvd,CHI00521,41.860384,-87.625813,41.878125,-87.639968,member,12.0,4,5,4,Spring,False,2.2946375521971234,False,False
82685B3CD7F12298,electric_bike,2026-04-01 05:54:00,2026-04-01 05:57:00,Loomis St & Lexington St,CHI00238,Wolcott Ave & Polk St,CHI00501,41.87222873,-87.66136386,41.871262,-87.673688,member,3.0,4,5,4,Spring,False,1.0260884906633936,False,False
E6FF8D6FEE454B4A,electric_bike,2026-04-01 05:52:00,2026-04-01 05:57:00,Wells St & Hubbard St,CHI00332,Wabash Ave & Jackson Blvd,CHI02168,41.889906,-87.634266,41.87801,-87.62599,member,5.0,4,5,4,Spring,False,1.4896739254772324,False,False
6FF974BF8B372A8D,electric_bike,2026-04-01 05:51:00,2026-04-01 05:58:00,,,Ogden Ave & Congress Pkwy,CHI00305,41.9,-87.68,41.87501,-87.67328,member,7.0,4,5,4,Spring,False,2.8338952092719034,False,False
34808D7211FC7265,electric_bike,2026-04-01 05:57:00,2026-04-01 05:58:00,,,,,41.81,-87.62,41.81,-87.62,casual,1.0,4,5,4,Spring,False,0.0,True,False
410D8153DA8E9956,classic_bike,2026-04-01 05:49:00,2026-04-01 05:59:00,Clarendon Ave & Leland Ave,CHI00365,Broadway & Berwyn Ave,CHI00414,41.967968,-87.650001,41.978361,-87.659789,member,10.0,4,5,4,Spring,False,1.410768365992626,False,False
1A1008BA2AE3A9F3,classic_bike,2026-04-01 05:51:00,2026-04-01 05:59:00,Campbell Ave & Montrose Ave,CHI00214,Ravenswood Ave & Lawrence Ave,CHI00508,41.961524,-87.691177,41.968445,-87.674226,member,8.0,4,5,4,Spring,False,1.5988905792732433,False,False
435698DFA772DAEB,electric_bike,2026-04-01 05:54:00,2026-04-01 06:00:00,Peoria St & Jackson Blvd,CHI00402,,,41.8776416,-87.64961779,41.87,-87.64,casual,6.0,4,5,4,Spring,False,1.164535715327242,False,False
59015BDB5CFE548F,electric_bike,2026-04-01 05:56:00,2026-04-01 06:00:00,,,Green St & Randolph St,CHI01988,41.88,-87.63,41.88360166,-87.64862671,member,4.0,4,5,4,Spring,False,1.5932106520995968,False,False
E0257F7810382673,electric_bike,2026-04-01 05:56:00,2026-04-01 06:00:00,Sedgwick St & Huron St,CHI00241,St. Clair St & Erie St 2,CHI02182,41.894666,-87.638437,41.89445,-87.62268,member,4.0,4,5,4,Spring,False,1.304439379869547,False,False
3EBE227481FA13D3,electric_bike,2026-04-01 05:55:00,2026-04-01 06:00:00,,,,,41.88,-87.65,41.89,-87.64,casual,5.0,4,5,4,Spring,False,1.3862667237520157,False,False
A7471EB55FC33927,electric_bike,2026-04-01 05:54:00,2026-04-01 06:01:00,Western Ave & Fillmore St,CHI00768,Hermitage Ave & Polk St,CHI00283,41.868563,-87.686234,41.871514,-87.669886,member,7.0,4,5,4,Spring,False,1.3928587407883128,False,False
83B543F17AEF22F8,electric_bike,2026-04-01 05:58:00,2026-04-01 06:01:00,,,Kedzie Ave & Milwaukee Ave,CHI00378,41.93,-87.72,41.9297142,-87.7079884,casual,3.0,4,5,4,Spring,False,0.9941671841449199,False,False
7F2743FE391DD7D9,classic_bike,2026-04-01 05:54:00,2026-04-01 06:02:00,Southport Ave & Waveland Ave,CHI00336,Sheffield Ave & Wellington Ave,CHI00274,41.948226,-87.6640712,41.93625348,-87.6526621,member,8.0,4,5,4,Spring,False,1.6317968696349996,False,False
D95A32032E1BD003,classic_bike,2026-04-01 05:36:00,2026-04-01 06:02:00,Morgan St & 18Th St,CHI00479,Morgan St & 18Th St,CHI00479,41.858086,-87.651073,41.858086,-87.651073,member,26.0,4,5,4,Spring,False,0.0,True,False
A6096EA60EBDB715,electric_bike,2026-04-01 06:00:00,2026-04-01 06:03:00,,,,,41.88,-87.65,41.88,-87.64,member,3.0,4,6,4,Spring,False,0.827895841818971,False,False
E12DD6A70823C168,electric_bike,2026-04-01 05:59:00,2026-04-01 06:03:00,Sheffield Ave & Willow St,CHI00264,Elston Ave & Cortland St,CHI00259,41.913688,-87.652855,41.91643343,-87.66674638,member,4.0,4,5,4,Spring,False,1.1892790855400774,False,False
512DF22A9B9CE724,electric_bike,2026-04-01 05:59:00,2026-04-01 06:03:00,Riverside Plaza & Adams St,CHI02193,Franklin St & Lake St,CHI00376,41.87926,-87.63879,41.885837,-87.6355,member,4.0,4,5,4,Spring,False,0.7804010923289066,False,False
697D6601EA808F2B,electric_bike,2026-04-01 06:02:00,2026-04-01 06:04:00,Ravenswood Ave & Berteau Ave,CHI00471,Ravenswood Ave & Irving Park Rd,CHI00309,41.957921,-87.673567,41.95469,-87.67393,member,2.0,4,6,4,Spring,False,0.36052255982882236,False,False
EE58337D59E991B5,electric_bike,2026-04-01 05:52:00,2026-04-01 06:04:00,Wells St & Hubbard St,CHI00332,Paulina St & Flournoy St,CHI00627,41.889906,-87.634266,41.87306109,-87.66913489,member,12.0,4,5,4,Spring,False,3.4411484218687978,False,False
5A3C0A68C7B8DA40,classic_bike,2026-04-01 05:11:00,2026-04-01 06:05:00,Milwaukee Ave & Grand Ave,CHI01750,Clinton St & Madison St,CHI00233,41.891578,-87.648384,41.88166,-87.64115,member,54.0,4,5,4,Spring,False,1.2549277117887447,False,False
F241E3CFF32F9017,classic_bike,2026-04-01 05:58:00,2026-04-01 06:05:00,Hudson Ave & Armitage Ave,CHI02110,Wilton Ave & Diversey Pkwy,CHI02052,41.91818,-87.64,41.932418,-87.652705,casual,7.0,4,5,4,Spring,False,1.9003429684534092,False,False
8D36C597E50BBF66,electric_bike,2026-04-01 05:57:00,2026-04-01 06:06:00,California Ave & Altgeld St,CHI00628,,,41.92669,-87.697668,41.9,-87.72,member,9.0,4,5,4,Spring,False,3.4960688201443166,False,False
C63D512B6C89C781,electric_bike,2026-04-01 05:59:00,2026-04-01 06:06:00,Mcclurg Ct & Ohio St,CHI00330,Lasalle St & Jackson Blvd,CHI00447,41.89259212,-87.61728913,41.878166,-87.631929,member,7.0,4,5,4,Spring,False,2.010457556343758,False,False
469944C63CC262DD,electric_bike,2026-04-01 06:02:00,2026-04-01 06:07:00,Federal St & Polk St,CHI01775,Wabash Ave & Washington St,CHI02108,41.87207763,-87.62954377,41.8832,-87.62662,member,5.0,4,6,4,Spring,False,1.2602180701394166,False,False
1717B5A77CD711DA,electric_bike,2026-04-01 06:01:00,2026-04-01 06:07:00,Southport Ave & Roscoe St,CHI00234,,,41.943739,-87.66402,41.92,-87.65,member,6.0,4,6,4,Spring,False,2.8832006416278277,False,False
534AD54111199E5B,electric_bike,2026-04-01 05:58:00,2026-04-01 06:07:00,Broadway & Belmont Ave,CHI00239,,,41.940106,-87.645451,41.94,-87.69,member,9.0,4,5,4,Spring,False,3.6847439325570153,False,False
82994F8D23EF2725,electric_bike,2026-04-01 05:59:00,2026-04-01 06:08:00,Green St & Chicago Ave,CHI02095,St. Clair St & Erie St 2,CHI02182,41.893392,-87.650737,41.89445,-87.62268,member,9.0,4,5,4,Spring,False,2.3252991635514513,False,False
964DCF0E1599F78A,electric_bike,2026-04-01 06:05:00,2026-04-01 06:08:00,Michigan Ave & Lake St,CHI00553,St. Clair St & Erie St 1,CHI01744,41.886022,-87.624398,41.8944,-87.62286,member,3.0,4,6,4,Spring,False,0.9402498674740296,False,False
DDAE9F2B6662279A,electric_bike,2026-04-01 06:05:00,2026-04-01 06:08:00,Elston Ave & Cortland St,CHI00259,Sheffield Ave & Armitage Ave Public Rack,CHI00836,41.91643343,-87.66674638,41.917805,-87.653449,member,3.0,4,6,4,Spring,False,1.1107648393479088,False,False
22752D7982D9ED19,electric_bike,2026-04-01 05:59:00,2026-04-01 06:09:00,Indiana Ave & Roosevelt Rd,CHI00450,Canal St & Lake St,CHI02184,41.867888,-87.623041,41.88597,-87.63999,member,10.0,4,5,4,Spring,False,2.4518933230067006,False,False
9E7CDAEC3BF65080,classic_bike,2026-04-01 06:04:00,2026-04-01 06:09:00,Morgan St & 31St St,CHI00431,Halsted St & Archer Ave,CHI00426,41.8378,-87.65114,41.847203,-87.646795,member,5.0,4,6,4,Spring,False,1.1057842956339663,False,False
45827EB4F43CDAE8,electric_bike,2026-04-01 06:06:00,2026-04-01 06:09:00,Larrabee St & Kingsbury St 1,CHI00245,Kingsbury St & Kinzie St 2,CHI02181,41.897764,-87.642884,41.889188,-87.638387,member,3.0,4,6,4,Spring,False,1.0236796365558312,False,False
8E67769BB52F0F1C,electric_bike,2026-04-01 06:06:00,2026-04-01 06:09:00,Aberdeen St & Jackson Blvd,CHI00406,Canal St & Adams St,CHI01743,41.87772613,-87.65478743,41.879255,-87.639904,member,3.0,4,6,4,Spring,False,1.2438939452636963,False,False
702868895565C3C3,electric_bike,2026-04-01 06:00:00,2026-04-01 06:10:00,,,Clark St & Ida B Wells Dr,CHI00216,41.91,-87.63,41.87593267,-87.63058454,member,10.0,4,6,4,Spring,False,3.788423242031997,False,False
4611CB8D6F7E51AD,classic_bike,2026-04-01 05:59:00,2026-04-01 06:10:00,Riverside Plaza & Adams St,CHI02193,Cityfront Plaza Dr & Pioneer Ct,CHI00483,41.87926,-87.63879,41.890573,-87.622072,member,11.0,4,5,4,Spring,False,1.8702422303221382,False,False
BE8DA29A15207DBA,electric_bike,2026-04-01 06:07:00,2026-04-01 06:10:00,Franklin St & Lake St,CHI00376,Lasalle St & Illinois St,CHI00358,41.885837,-87.6355,41.890762,-87.631697,member,3.0,4,6,4,Spring,False,0.6316708935874679,False,False
CEDAAAD0F9133C1B,electric_bike,2026-04-01 06:05:00,2026-04-01 06:10:00,,,Canal St & Jackson Blvd,CHI00521,41.88,-87.65,41.878125,-87.639968,member,5.0,4,6,4,Spring,False,0.8563256976750372,False,False
7FE2C6277E35E6C7,electric_bike,2026-04-01 06:02:00,2026-04-01 06:10:00,,,Halsted St & Armitage Ave,CHI02111,41.9,-87.63,41.91823,-87.64879,member,8.0,4,6,4,Spring,False,2.554761095774168,False,False
F6014A35FCC53FE4,classic_bike,2026-04-01 06:08:00,2026-04-01 06:10:00,Franklin St & Chicago Ave,CHI01745,Clark St & Chicago Ave,CHI00351,41.89679,-87.63564,41.89675,-87.63089,member,2.0,4,6,4,Spring,False,0.393172465166849,False,False
AAC46FC0982BDA4F,electric_bike,2026-04-01 06:06:00,2026-04-01 06:11:00,,,,,41.81,-87.62,41.8,-87.61,casual,5.0,4,6,4,Spring,False,1.3868854868489657,False,False
DE0992DD2588432D,electric_bike,2026-04-01 06:04:00,2026-04-01 06:11:00,Wells St & Evergreen Ave,CHI00393,Franklin St & Lake St,CHI00376,41.906724,-87.63483,41.885837,-87.6355,member,7.0,4,6,4,Spring,False,2.32319038515473,False,False
298AD0F19C519FFB,electric_bike,2026-04-01 06:07:00,2026-04-01 06:11:00,Aberdeen St & Jackson Blvd,CHI00406,Sangamon St & Lake St,CHI00242,41.87772613,-87.65478743,41.88577925,-87.65102461,member,4.0,4,6,4,Spring,False,0.9481035468368568,False,False
D3F68D352334C11C,electric_bike,2026-04-01 05:53:00,2026-04-01 06:11:00,Lincoln Ave & Diversey Pkwy,CHI00285,Canal St & Madison St,CHI00498,41.932225,-87.658617,41.882409,-87.639767,member,18.0,4,5,4,Spring,False,5.754740052908805,False,False
F2EB182096DAF97C,electric_bike,2026-04-01 06:09:00,2026-04-01 06:13:00,Cityfront Plaza Dr & Pioneer Ct,CHI00483,Daley Center Plaza,CHI00253,41.890573,-87.622072,41.884241,-87.629634,member,4.0,4,6,4,Spring,False,0.9421206271316535,False,False
87A43D40B31B9F94,classic_bike,2026-04-01 05:54:00,2026-04-01 06:13:00,Clark St & Chicago Ave,CHI00351,Lincoln Ave & Fullerton Ave,CHI00494,41.89675,-87.63089,41.92416103,-87.64638036,member,19.0,4,5,4,Spring,False,3.3065376705346736,False,False
DBB966B2695757A4,electric_bike,2026-04-01 06:11:00,2026-04-01 06:13:00,Clark St & Leland Ave,CHI00461,Broadway & Wilson Ave,CHI00272,41.96708784,-87.66729087,41.965221,-87.658139,member,2.0,4,6,4,Spring,False,0.7846150485160986,False,False
929BC43D6EC5EAB5,electric_bike,2026-04-01 06:12:00,2026-04-01 06:13:00,,,Lincoln Ave & Belle Plaine Ave,CHI00464,41.96,-87.68,41.95600355,-87.68016145,member,1.0,4,6,4,Spring,False,0.44458544802716726,False,False
5E25C91E2403382B,electric_bike,2026-04-01 06:07:00,2026-04-01 06:13:00,Orleans St & Chestnut St (Next Apts),CHI01251,Clinton St & Washington Blvd,CHI00509,41.898203,-87.637536,41.88281,-87.6412,member,6.0,4,6,4,Spring,False,1.7382866708487228,False,False
F2735039E240C159,electric_bike,2026-04-01 05:49:00,2026-04-01 06:13:00,,,,,41.86,-87.66,41.86,-87.65,member,24.0,4,5,4,Spring,False,0.8281549053901401,False,False
076A6A07A5B1736B,classic_bike,2026-04-01 06:08:00,2026-04-01 06:14:00,Ashland Ave & Wrightwood Ave,CHI00276,Sheffield Ave & Fullerton Ave,CHI00225,41.92883,-87.668507,41.9256163,-87.6536574,member,6.0,4,6,4,Spring,False,1.2794014776591378,False,False
D0CC332712B1630E,electric_bike,2026-04-01 06:09:00,2026-04-01 06:14:00,,,,,41.9,-87.64,41.9,-87.62,member,5.0,4,6,4,Spring,False,1.6552733519292466,False,False
58B4E9CF3E256713,electric_bike,2026-04-01 06:05:00,2026-04-01 06:14:00,Ashland Ave & Blackhawk St,CHI00333,Jefferson St & Monroe St,CHI00513,41.907066,-87.667252,41.88032963,-87.64274597,member,9.0,4,6,4,Spring,False,3.5990091824604327,False,False
C75BD19ACF90AD36,electric_bike,2026-04-01 06:10:00,2026-04-01 06:14:00,Avers Ave & Belmont Ave,CHI00962,Kimball Ave & Belmont Ave,CHI00577,41.939408,-87.723574,41.93939395,-87.71206766,member,4.0,4,6,4,Spring,False,0.9517203680124705,False,False
84CC30CF0B908E80,electric_bike,2026-04-01 06:04:00,2026-04-01 06:14:00,,,Lasalle St & Adams St,CHI00451,41.9,-87.66,41.87934437,-87.63198522,member,10.0,4,6,4,Spring,False,3.2638885120610586,False,False
AF86FA20F4D3FCCA,classic_bike,2026-04-01 06:10:00,2026-04-01 06:16:00,Clark St & Newport St,CHI00674,Lincoln Ave & Melrose St,CHI00477,41.94454,-87.654678,41.9406,-87.669435,member,6.0,4,6,4,Spring,False,1.2967765564739018,False,False
98C1B295212B8DCE,classic_bike,2026-04-01 05:59:00,2026-04-01 06:16:00,Racine Ave & Broadway,CHI02127,Ravenswood Ave & Berteau Ave,CHI00471,41.968235,-87.6596548,41.957921,-87.673567,member,17.0,4,5,4,Spring,False,1.6243329179217374,False,False
4905CBB21EA0481D,electric_bike,2026-04-01 06:05:00,2026-04-01 06:16:00,Hudson Ave & Armitage Ave,CHI02110,St. Clair St & Erie St 2,CHI02182,41.91818,-87.64,41.89445,-87.62268,member,11.0,4,6,4,Spring,False,3.0028193007030897,False,False
15A444048AB474CC,electric_bike,2026-04-01 06:08:00,2026-04-01 06:17:00,Pine Grove Ave & Irving Park Rd,CHI00482,Wolcott (Ravenswood) Ave & Montrose Ave,CHI00357,41.9543646,-87.6479285,41.961406,-87.676169,member,9.0,4,6,4,Spring,False,2.462934392951098,False,False
81CBBB26C95BB621,electric_bike,2026-04-01 06:04:00,2026-04-01 06:17:00,,,Clinton St & Washington Blvd 2,CHI02196,41.91,-87.68,41.88338,-87.64117,member,13.0,4,6,4,Spring,False,4.369287756369263,False,False
90D3C75100C1A3C8,classic_bike,2026-04-01 06:10:00,2026-04-01 06:17:00,Halsted St & Archer Ave,CHI00426,Halsted St & Maxwell St,CHI00437,41.847203,-87.646795,41.864883,-87.647071,member,7.0,4,6,4,Spring,False,1.9660591902745632,False,False
A4E8C21CA0867A78,electric_bike,2026-04-01 06:12:00,2026-04-01 06:17:00,Aberdeen St & Carroll Ave,CHI02056,Canal St & Adams St,CHI01743,41.88819,-87.65459,41.879255,-87.639904,member,5.0,4,6,4,Spring,False,1.570098389804864,False,False
8504154F985E5B4D,electric_bike,2026-04-01 06:14:00,2026-04-01 06:17:00,State St & Chicago Ave,CHI01772,Fairbanks St & Superior St,CHI00697,41.8966172,-87.62857854,41.895748,-87.620104,member,3.0,4,6,4,Spring,False,0.7080534541764422,False,False
5569B8FF8DC82CBF,electric_bike,2026-04-01 06:13:00,2026-04-01 06:18:00,Canal St & Madison St,CHI00498,Wabash Ave & Jackson Blvd,CHI02168,41.882409,-87.639767,41.87801,-87.62599,member,5.0,4,6,4,Spring,False,1.2410503974161464,False,False
38061F4730DBDC20,classic_bike,2026-04-01 05:57:00,2026-04-01 06:18:00,Lincoln Ave & Fullerton Ave,CHI00494,St. Clair St & Erie St 1,CHI01744,41.92416103,-87.64638036,41.8944,-87.62286,member,21.0,4,5,4,Spring,False,3.839215563976056,False,False
BCF3ADBD90EED4B1,electric_bike,2026-04-01 06:02:00,2026-04-01 06:18:00,,,Wells St & Randolph St,CHI00266,41.87,-87.68,41.884295,-87.633963,member,16.0,4,6,4,Spring,False,4.12971612539308,False,False
184A02A5349191CF,electric_bike,2026-04-01 06:13:00,2026-04-01 06:19:00,Mcclurg Ct & Ohio St,CHI00330,Stetson Ave & South Water St,CHI00432,41.89259212,-87.61728913,41.886835,-87.62232,member,6.0,4,6,4,Spring,False,0.7636953650755529,False,False
80C86A30AC208F01,classic_bike,2026-04-01 06:08:00,2026-04-01 06:19:00,Dearborn Pkwy & Delaware Pl,CHI00306,Dearborn St & Madison St,CHI00405,41.898969,-87.629912,41.88206,-87.62964,member,11.0,4,6,4,Spring,False,1.8803298170853933,False,False
3671CE2925F96762,electric_bike,2026-04-01 06:16:00,2026-04-01 06:20:00,Wells St & Huron St,CHI00294,St. Clair St & Erie St 2,CHI02182,41.8947953,-87.6343743,41.89445,-87.62268,member,4.0,4,6,4,Spring,False,0.9687058808288211,False,False
D2B72A433D1B2D9E,electric_bike,2026-04-01 06:12:00,2026-04-01 06:20:00,,,Peterson/Ridge Metra,CHI01983,41.98,-87.66,41.9918,-87.67489,member,8.0,4,6,4,Spring,False,1.7989467065887705,False,False
87F7152EDE9105CD,classic_bike,2026-04-01 06:17:00,2026-04-01 06:21:00,Lincoln Ave & Fullerton Ave,CHI00494,Sheffield Ave & Webster Ave,CHI00507,41.92416103,-87.64638036,41.92154,-87.653818,member,4.0,4,6,4,Spring,False,0.6808752314119915,False,False
5418225C616B0D16,electric_bike,2026-04-01 06:11:00,2026-04-01 06:21:00,Clinton St & Washington Blvd 2,CHI02196,Michigan Ave & Pearson St,CHI01751,41.88338,-87.64117,41.89766,-87.62351,member,10.0,4,6,4,Spring,False,2.1582951805992714,False,False
86E77E0FA4EB93CC,classic_bike,2026-04-01 05:57:00,2026-04-01 06:21:00,Campbell Ave & North Ave,CHI00341,Wilton Ave & Diversey Pkwy,CHI02052,41.910535,-87.689556,41.932418,-87.652705,member,24.0,4,5,4,Spring,False,3.9008489914555478,False,False
18C5162C727737BA,electric_bike,2026-04-01 06:15:00,2026-04-01 06:21:00,Pine Grove Ave & Irving Park Rd,CHI00482,Racine Ave & Belmont Ave,CHI00411,41.9543646,-87.6479285,41.939743,-87.658865,casual,6.0,4,6,4,Spring,False,1.8605000814303885,False,False
790F4644E106ABBF,classic_bike,2026-04-01 06:18:00,2026-04-01 06:22:00,Milwaukee Ave & Rockwell St,CHI00289,Milwaukee Ave & The 606,CHI00622,41.92033,-87.69309,41.913754,-87.6826658,member,4.0,4,6,4,Spring,False,1.130756914947414,False,False
FEFE456933E72A73,classic_bike,2026-04-01 05:45:00,2026-04-01 06:22:00,Sheridan Rd & Irving Park Rd,CHI00304,Lasalle St & Calhoun Pl,CHI01666,41.954245,-87.654406,41.882664,-87.63253,member,37.0,4,5,4,Spring,False,8.162652822436613,False,False
2364EAE1B09AB889,electric_bike,2026-04-01 06:14:00,2026-04-01 06:22:00,,,,,41.94,-87.64,41.92,-87.65,casual,8.0,4,6,4,Spring,False,2.372775481761354,False,False
5103F6996B7E3535,classic_bike,2026-04-01 06:18:00,2026-04-01 06:23:00,Kingsbury St & Kinzie St 2,CHI02181,Sedgwick St & Huron St,CHI00241,41.889188,-87.638387,41.894666,-87.638437,member,5.0,4,6,4,Spring,False,0.6091398682221278,False,False
C9E8D3B30BDE6F08,electric_bike,2026-04-01 06:16:00,2026-04-01 06:23:00,Wells St & Institute Pl,CHI01928,Canal St & Madison St,CHI00498,41.89737986,-87.63442039,41.882409,-87.639767,casual,7.0,4,6,4,Spring,False,1.7225110872035392,False,False
292FCD8EAFA33801,classic_bike,2026-04-01 06:18:00,2026-04-01 06:23:00,Southport Ave & Irving Park Rd,CHI00481,Broadway & Sheridan Rd,CHI00476,41.954177,-87.664358,41.952833,-87.649993,member,5.0,4,6,4,Spring,False,1.1972671395967691,False,False
7A7B72223D719DA7,electric_bike,2026-04-01 06:13:00,2026-04-01 06:23:00,Wells St & Elm St,CHI00540,Clinton St & Jackson Blvd,CHI01091,41.903222,-87.634324,41.87831661,-87.64098108,member,10.0,4,6,4,Spring,False,2.823644025544763,False,False
AA00BE32CC79099B,electric_bike,2026-04-01 06:19:00,2026-04-01 06:23:00,,,,,41.94,-87.64,41.93,-87.64,member,4.0,4,6,4,Spring,False,1.1119492664455182,False,False
82946FB3E3D25B5D,classic_bike,2026-04-01 06:22:00,2026-04-01 06:24:00,Mcclurg Ct & Erie St,CHI00419,Mcclurg Ct & Ohio St,CHI00330,41.894503,-87.617854,41.89259212,-87.61728913,member,2.0,4,6,4,Spring,False,0.2175635306174284,False,False
67430E3B0ED062D3,electric_bike,2026-04-01 06:18:00,2026-04-01 06:24:00,Lasalle St & Illinois St,CHI00358,Sangamon St & Lake St,CHI00242,41.890762,-87.631697,41.88577925,-87.65102461,member,6.0,4,6,4,Spring,False,1.693137678015993,False,False
B6BBCFBE3CEF8B1A,electric_bike,2026-04-01 06:22:00,2026-04-01 06:24:00,,,Clark St & Wellington Ave,CHI00377,41.94,-87.65,41.93649682,-87.64753866,member,2.0,4,6,4,Spring,False,0.43952932668800637,False,False
E5C18FD77E9DAFB0,electric_bike,2026-04-01 06:24:00,2026-04-01 06:25:00,Wells St & Polk St,CHI00606,Wells St & Polk St,CHI00606,41.87273154,-87.63351649,41.87273154,-87.63351649,member,1.0,4,6,4,Spring,False,0.0,True,False
776EA5C688C21282,electric_bike,2026-04-01 06:21:00,2026-04-01 06:25:00,Ellis Ave & 53Rd St,CHI00585,,,41.79933626,-87.60095811,41.79,-87.6,member,4.0,4,6,4,Spring,False,1.0411787642994597,False,False
2BAD7AED856C79C4,electric_bike,2026-04-01 06:22:00,2026-04-01 06:25:00,Sheffield Ave & Fullerton Ave,CHI00225,Sheffield Ave & Armitage Ave Public Rack,CHI00836,41.9256163,-87.6536574,41.917805,-87.653449,member,3.0,4,6,4,Spring,False,0.8687480495630014,False,False
B0D5B08BABB9921A,electric_bike,2026-04-01 06:18:00,2026-04-01 06:25:00,Halsted St & Maxwell St,CHI00437,Franklin St & Jackson Blvd,CHI02050,41.864883,-87.647071,41.87770796,-87.63532114,member,7.0,4,6,4,Spring,False,1.7263280531546696,False,False
9F7B6D5F33B54DA5,electric_bike,2026-04-01 06:24:00,2026-04-01 06:25:00,Kingsbury St & Erie St,CHI02028,,,41.8939139,-87.6417358,41.9,-87.64,member,1.0,4,6,4,Spring,False,0.6918252580828542,False,False
BBC1998EC5CC3DAC,electric_bike,2026-04-01 06:21:00,2026-04-01 06:25:00,Wells St & Elm St,CHI00540,Kingsbury St & Kinzie St 2,CHI02181,41.903222,-87.634324,41.889188,-87.638387,member,4.0,4,6,4,Spring,False,1.5963334067051698,False,False
9FF736102658A8A7,classic_bike,2026-04-01 06:16:00,2026-04-01 06:25:00,Wells St & Polk St,CHI00606,Green St & Madison St,CHI00347,41.87273154,-87.63351649,41.88185933,-87.64926374,member,9.0,4,6,4,Spring,False,1.6522563153799452,False,False
61C467B48DCE9177,electric_bike,2026-04-01 06:23:00,2026-04-01 06:26:00,Aberdeen St & Randolph St,CHI00715,Clinton St & Washington Blvd,CHI00509,41.884114,-87.654264,41.88281,-87.6412,member,3.0,4,6,4,Spring,False,1.0911812504817797,False,False
915446A57EFA6377,classic_bike,2026-04-01 06:23:00,2026-04-01 06:26:00,Franklin St & Illinois St,CHI00648,Wells St & Huron St,CHI00294,41.89102331,-87.63547987,41.8947953,-87.6343743,member,3.0,4,6,4,Spring,False,0.4292931328510833,False,False
C359AC33AF021094,classic_bike,2026-04-01 06:22:00,2026-04-01 06:26:00,Franklin St & Illinois St,CHI00648,Wells St & Huron St,CHI00294,41.89102331,-87.63547987,41.8947953,-87.6343743,member,4.0,4,6,4,Spring,False,0.4292931328510833,False,False
C46A2C8296BA8C52,electric_bike,2026-04-01 06:20:00,2026-04-01 06:26:00,Michigan Ave & 14Th St,CHI00342,Clark St & Ida B Wells Dr,CHI00216,41.864059,-87.623727,41.87593267,-87.63058454,member,6.0,4,6,4,Spring,False,1.4372168078052805,False,False
751A9922206BA45A,electric_bike,2026-04-01 06:17:00,2026-04-01 06:26:00,Desplaines St & Randolph St,CHI00370,Hermitage Ave & Polk St,CHI00283,41.883703,-87.644238,41.871514,-87.669886,member,9.0,4,6,4,Spring,False,2.5191462629077757,False,False
57B163C39B0871CC,classic_bike,2026-04-01 06:17:00,2026-04-01 06:26:00,Wolcott Ave & Polk St,CHI00501,Halsted St & Roosevelt Rd,CHI00364,41.871262,-87.673688,41.867324,-87.648625,member,9.0,4,6,4,Spring,False,2.1209965193656544,False,False
ECC14C9F634B3E53,electric_bike,2026-04-01 06:22:00,2026-04-01 06:26:00,Public Rack - Hamlin Ave & Fullerton Ave,CHI01290,Kedzie Ave & Milwaukee Ave,CHI00378,41.924319,-87.721446,41.9297142,-87.7079884,member,4.0,4,6,4,Spring,False,1.2646754823946815,False,False
E4E1F4D918AD5599,electric_bike,2026-04-01 06:24:00,2026-04-01 06:26:00,,,Clinton St & Jackson Blvd,CHI01091,41.88,-87.64,41.87831661,-87.64098108,member,2.0,4,6,4,Spring,False,0.20404752581501578,False,False
602AD352C8C62A7C,electric_bike,2026-04-01 06:23:00,2026-04-01 06:27:00,New St & Illinois St,CHI00279,St. Clair St & Erie St 1,CHI01744,41.89084704,-87.61861682,41.8944,-87.62286,member,4.0,4,6,4,Spring,False,0.5286188419520252,False,False
CA69E3529C23EE2E,electric_bike,2026-04-01 06:08:00,2026-04-01 06:27:00,Ashland Ave & Grace St,CHI00503,Wacker Dr & Washington St,CHI01787,41.95068,-87.6687,41.88314336,-87.63724208,member,19.0,4,6,4,Spring,False,7.948022955278855,False,False
18BD84F2EAE35615,electric_bike,2026-04-01 06:07:00,2026-04-01 06:27:00,St. Clair St & Erie St 2,CHI02182,,,41.89445,-87.62268,41.9,-87.68,casual,20.0,4,6,4,Spring,False,4.784189620574861,False,False
B5BC3176CB2734F1,classic_bike,2026-04-01 06:21:00,2026-04-01 06:27:00,Indiana Ave & Roosevelt Rd,CHI00450,Shedd Aquarium,CHI00533,41.867888,-87.623041,41.86722596,-87.61535539,member,6.0,4,6,4,Spring,False,0.6406558405508473,False,False
E65DEB185FF7EB94,electric_bike,2026-04-01 06:25:00,2026-04-01 06:28:00,Canal St & Madison St,CHI00498,Lasalle St & Jackson Blvd,CHI00447,41.882409,-87.639767,41.878166,-87.631929,member,3.0,4,6,4,Spring,False,0.8022897910455551,False,False
0D794066C7FA720F,electric_bike,2026-04-01 06:13:00,2026-04-01 06:28:00,Clifton Ave & Armitage Ave,CHI00421,Lasalle St & Jackson Blvd,CHI00447,41.918216,-87.656936,41.878166,-87.631929,member,15.0,4,6,4,Spring,False,4.910821436325421,False,False
1AF74F6A91251CB1,electric_bike,2026-04-01 06:20:00,2026-04-01 06:28:00,Clinton St & Tilden St,CHI01542,Hermitage Ave & Polk St,CHI00283,41.875885,-87.640795,41.871514,-87.669886,member,8.0,4,6,4,Spring,False,2.4572170346430573,False,False
4DC45688790CD606,electric_bike,2026-04-01 06:27:00,2026-04-01 06:28:00,,,,,41.88,-87.63,41.88,-87.63,member,1.0,4,6,4,Spring,False,0.0,True,False
F701A00CEE27E004,electric_bike,2026-04-01 06:19:00,2026-04-01 06:28:00,,,Dearborn St & Madison St,CHI00405,41.89,-87.66,41.88206,-87.62964,member,9.0,4,6,4,Spring,False,2.663820417455978,False,False
8FB3775AD2A56CE1,electric_bike,2026-04-01 06:25:00,2026-04-01 06:28:00,Canal St & Madison St,CHI00498,Dearborn St & Adams St 1,CHI00438,41.882409,-87.639767,41.87935636,-87.62979104,member,3.0,4,6,4,Spring,False,0.8929274289280074,False,False
0139F70ED204F783,electric_bike,2026-04-01 06:25:00,2026-04-01 06:28:00,Wells St & Polk St,CHI00606,Canal St & Madison St,CHI00498,41.87273154,-87.63351649,41.882409,-87.639767,member,3.0,4,6,4,Spring,False,1.1940522137340521,False,False
ABCF5FCC46454781,electric_bike,2026-04-01 06:22:00,2026-04-01 06:29:00,Ashland Ave & Blackhawk St,CHI00333,Larrabee St & Kingsbury St 2,CHI02169,41.907066,-87.667252,41.89758,-87.6429,member,7.0,4,6,4,Spring,False,2.274726233181077,False,False
5EB5864876C19A1F,electric_bike,2026-04-01 06:26:00,2026-04-01 06:29:00,Canal St & Monroe St,CHI00398,Michigan Ave & Washington St,CHI01677,41.8829056,-87.6397409,41.88398406,-87.62468398,member,3.0,4,6,4,Spring,False,1.252244113467984,False,False
7BD331FBE9DDD107,electric_bike,2026-04-01 06:26:00,2026-04-01 06:29:00,Clark St & Chicago Ave,CHI00351,St. Clair St & Erie St 2,CHI02182,41.89674985,-87.63068676,41.89445,-87.62268,member,3.0,4,6,4,Spring,False,0.7103443984794489,False,False
5304CF2B02A55D51,electric_bike,2026-04-01 06:25:00,2026-04-01 06:29:00,Damen Ave & Chicago Ave,CHI00316,Artesian Ave & Hubbard St,CHI00647,41.89568737,-87.67713508,41.8895,-87.688257,member,4.0,4,6,4,Spring,False,1.1492822695590685,False,False
C4BFE490EDD1B6A4,classic_bike,2026-04-01 06:15:00,2026-04-01 06:29:00,Michigan Ave & Lake St,CHI00553,Larrabee St & Oak St,CHI00701,41.886022,-87.624398,41.900381,-87.642002,member,14.0,4,6,4,Spring,False,2.1615973012760437,False,False
032E9D9297F4CD05,electric_bike,2026-04-01 06:18:00,2026-04-01 06:29:00,Paulina St & Division St,CHI00244,Franklin St & Monroe St,CHI00449,41.9035529,-87.6704292,41.880317,-87.635185,member,11.0,4,6,4,Spring,False,3.8969555256454886,False,False
F698DF5F0A43A6C6,electric_bike,2026-04-01 06:27:00,2026-04-01 06:30:00,Sheffield Ave & Armitage Ave Public Rack,CHI00836,Halsted St & Clybourn Ave,CHI01161,41.917805,-87.653449,41.909668,-87.648128,member,3.0,4,6,4,Spring,False,1.006233826332837,False,False
C65B55746DEE14ED,electric_bike,2026-04-01 06:24:00,2026-04-01 06:30:00,Kingsbury St & Erie St,CHI02028,Sangamon St & Lake St,CHI00242,41.8939139,-87.6417358,41.88577925,-87.65102461,member,6.0,4,6,4,Spring,False,1.1871740598953995,False,False
BDAFDDB41DD48301,electric_bike,2026-04-01 06:20:00,2026-04-01 06:30:00,,,Franklin St & Monroe St,CHI00449,41.87,-87.62,41.880317,-87.635185,member,10.0,4,6,4,Spring,False,1.70198522383564,False,False
27FF8C64C2A4E7B2,electric_bike,2026-04-01 06:27:00,2026-04-01 06:30:00,Wabash Ave & 9Th St,CHI00448,Dearborn St & Van Buren St,CHI01076,41.870769,-87.625734,41.876268,-87.629155,member,3.0,4,6,4,Spring,False,0.6738813461975911,False,False
EC4EB15B060F25EF,electric_bike,2026-04-01 06:28:00,2026-04-01 06:30:00,,,Peoria St & Jackson Blvd,CHI00402,41.88,-87.64,41.8776416,-87.64961779,member,2.0,4,6,4,Spring,False,0.8383393721962618,False,False
34B06D29EB9ED601,electric_bike,2026-04-01 06:28:00,2026-04-01 06:30:00,,,Rush St & Superior St,CHI00368,41.9,-87.63,41.89576475,-87.62590803,member,2.0,4,6,4,Spring,False,0.5800736702416488,False,False
BB178EB73D797E2F,electric_bike,2026-04-01 06:26:00,2026-04-01 06:31:00,Rush St & Cedar St,CHI00537,,,41.9023087,-87.62769053,41.91,-87.63,member,5.0,4,6,4,Spring,False,0.876328673133423,False,False
7F2F8DE94A279208,electric_bike,2026-04-01 06:28:00,2026-04-01 06:31:00,Clark St & Wrightwood Ave,CHI00287,Wilton Ave & Diversey Pkwy,CHI02052,41.929546,-87.643118,41.932418,-87.652705,member,3.0,4,6,4,Spring,False,0.8549537613091762,False,False
8EA681E827183901,classic_bike,2026-04-01 06:26:00,2026-04-01 06:31:00,Halsted St & Clybourn Ave,CHI01161,Larrabee St & Kingsbury St 2,CHI02169,41.909668,-87.648128,41.89758,-87.6429,member,5.0,4,6,4,Spring,False,1.4120439471498214,False,False
30308CDEF73EDEF4,electric_bike,2026-04-01 06:25:00,2026-04-01 06:31:00,Mcclurg Ct & Ohio St,CHI00330,Canal St & Lake St,CHI02184,41.89259212,-87.61728913,41.88597,-87.63999,member,6.0,4,6,4,Spring,False,2.0182436355248634,False,False
F85A1D2CA7F24024,electric_bike,2026-04-01 06:21:00,2026-04-01 06:31:00,Sedgwick St & Schiller St,CHI00303,Riverside Plaza & Adams St,CHI02193,41.907626,-87.638566,41.87926,-87.63879,member,10.0,4,6,4,Spring,False,3.1542097830912166,False,False
1E2573FDF369C291,classic_bike,2026-04-01 06:26:00,2026-04-01 06:31:00,Loomis St & Lexington St,CHI00238,Wolcott Ave & Polk St,CHI00501,41.87222873,-87.66136386,41.871262,-87.673688,member,5.0,4,6,4,Spring,False,1.0260884906633936,False,False
D86D95FF573A5536,electric_bike,2026-04-01 06:22:00,2026-04-01 06:31:00,,,Loomis St & Jackson Blvd,CHI00230,41.9,-87.66,41.877945,-87.662007,member,9.0,4,6,4,Spring,False,2.4580249922376773,False,False
0343C83CB16ECE08,classic_bike,2026-04-01 06:23:00,2026-04-01 06:32:00,Sedgwick St & Huron St,CHI00241,Canal St & Jackson Blvd,CHI00521,41.894666,-87.638437,41.878125,-87.639968,member,9.0,4,6,4,Spring,False,1.8436366573218954,False,False
EFE5C7F5B5165E6C,electric_bike,2026-04-01 06:29:00,2026-04-01 06:32:00,Sheffield Ave & Armitage Ave Public Rack,CHI00836,Elston Ave & Cortland St,CHI00259,41.917805,-87.653449,41.91643343,-87.66674638,member,3.0,4,6,4,Spring,False,1.1107648393479088,False,False
B18A9AFDAA4122C9,classic_bike,2026-04-01 06:13:00,2026-04-01 06:33:00,Damen Ave & Leland Ave,CHI00381,Clark St & Drummond Pl,CHI00385,41.967081,-87.679076,41.931248,-87.644336,member,20.0,4,6,4,Spring,False,4.912221913047886,False,False
AAB9D4AE09C2CF81,classic_bike,2026-04-01 06:28:00,2026-04-01 06:33:00,Canal St & Monroe St,CHI00398,Lasalle St & Calhoun Pl,CHI01666,41.8829056,-87.6397409,41.882664,-87.63253,member,5.0,4,6,4,Spring,False,0.5975655778872357,False,False
72F92BF23ADF6125,electric_bike,2026-04-01 06:20:00,2026-04-01 06:33:00,Damen Ave & Chicago Ave Public Rack,CHI00882,Millennium Park,CHI01742,41.895809,-87.678519,41.8810317,-87.62408432,member,13.0,4,6,4,Spring,False,4.796278603530471,False,False
937FB528F64B7A49,classic_bike,2026-04-01 06:28:00,2026-04-01 06:33:00,Clark St & Newport St,CHI00674,Broadway & Belmont Ave,CHI00239,41.94454,-87.654678,41.940106,-87.645451,member,5.0,4,6,4,Spring,False,0.908565256161516,False,False
CAFECBDE1F9EA983,electric_bike,2026-04-01 06:31:00,2026-04-01 06:33:00,,,Desplaines St & Jackson Blvd,CHI00518,41.88,-87.65,41.8781189,-87.6439476,member,2.0,4,6,4,Spring,False,0.5429878493623007,False,False
EC81AF8C6C41B497,electric_bike,2026-04-01 06:32:00,2026-04-01 06:34:00,Halsted St & Melrose St,CHI02162,Wilton Ave & Belmont Ave,CHI00353,41.94112,-87.64907,41.94023192,-87.65294373,member,2.0,4,6,4,Spring,False,0.335272417727886,False,False
361C6A2CE14340A7,classic_bike,2026-04-01 06:24:00,2026-04-01 06:34:00,Carpenter St & Huron St,CHI00286,Clinton St & Jackson Blvd,CHI01091,41.894556,-87.653449,41.87831661,-87.64098108,member,10.0,4,6,4,Spring,False,2.07988937983329,False,False
2FCF669B702FE38F,electric_bike,2026-04-01 06:31:00,2026-04-01 06:34:00,,,Kingsbury St & Kinzie St 2,CHI02181,41.89,-87.64,41.889188,-87.638387,member,3.0,4,6,4,Spring,False,0.16118251933959804,False,False
7FDD1E65EFF8FBD7,classic_bike,2026-04-01 06:17:00,2026-04-01 06:34:00,Aberdeen St & Jackson Blvd,CHI00406,Larrabee St & Kingsbury St 1,CHI00245,41.87772613,-87.65478743,41.897764,-87.642884,member,17.0,4,6,4,Spring,False,2.436269133800433,False,False
1437E3B7446CED98,electric_bike,2026-04-01 06:31:00,2026-04-01 06:34:00,Honore St & Division St,CHI00269,Paulina St & Division St,CHI00244,41.903119,-87.673935,41.9035529,-87.6704292,member,3.0,4,6,4,Spring,False,0.29412192864600906,False,False
17507911A8DB5560,electric_bike,2026-04-01 06:33:00,2026-04-01 06:35:00,,,Western Ave & Lake St,CHI00903,41.88,-87.68,41.884606,-87.685853,member,2.0,4,6,4,Spring,False,0.7050535201511829,False,False
E494452E6E5812F2,electric_bike,2026-04-01 06:26:00,2026-04-01 06:35:00,,,Aberdeen St & Randolph St,CHI00715,41.9,-87.68,41.884114,-87.654264,member,9.0,4,6,4,Spring,False,2.767376466263642,False,False
0FB7D6A40EE4F17C,electric_bike,2026-04-01 06:29:00,2026-04-01 06:35:00,Wells St & Elm St,CHI00540,Clark St & Lake St,CHI00761,41.903222,-87.634324,41.88602083,-87.63087606,member,6.0,4,6,4,Spring,False,1.9338567817509513,False,False
94A3558F23FFDF61,electric_bike,2026-04-01 06:33:00,2026-04-01 06:36:00,Wells St & Hubbard St,CHI00332,Franklin St & Washington St,CHI02074,41.889906,-87.634266,41.88318,-87.63511,member,3.0,4,6,4,Spring,False,0.7511534266601887,False,False
2FB8073A3E0DCD38,classic_bike,2026-04-01 06:27:00,2026-04-01 06:36:00,Columbus Dr & Randolph St,CHI00345,Canal St & Madison St,CHI00498,41.884728,-87.619521,41.882409,-87.639767,member,9.0,4,6,4,Spring,False,1.6957841529304611,False,False
82E451CBF8FA7011,classic_bike,2026-04-01 06:27:00,2026-04-01 06:36:00,Michigan Ave & Pearson St,CHI01751,Wabash Ave & Washington St,CHI02108,41.89766,-87.62351,41.8832,-87.62662,member,9.0,4,6,4,Spring,False,1.6283567681782936,False,False
A20DB281C41E08F5,electric_bike,2026-04-01 06:33:00,2026-04-01 06:36:00,,,Clark St & Drummond Pl,CHI00385,41.92,-87.64,41.931248,-87.644336,member,3.0,4,6,4,Spring,False,1.3011461633419725,False,False
6850D00D35609A31,classic_bike,2026-04-01 06:24:00,2026-04-01 06:36:00,Clinton St & Washington Blvd 2,CHI02196,St. Clair St & Erie St 1,CHI01744,41.88338,-87.64117,41.8944,-87.62286,member,12.0,4,6,4,Spring,False,1.9490437416262363,False,False
65333A67AFD4664A,electric_bike,2026-04-01 06:24:00,2026-04-01 06:37:00,Leavitt St & Chicago Ave,CHI00713,Rush St & Superior St,CHI00368,41.895501,-87.682017,41.89576475,-87.62590803,member,13.0,4,6,4,Spring,False,4.644194241633144,False,False
1D3742888292F314,electric_bike,2026-04-01 06:28:00,2026-04-01 06:37:00,Cityfront Plaza Dr & Pioneer Ct,CHI00483,Franklin St & Monroe St,CHI00449,41.890573,-87.622072,41.880317,-87.635185,member,9.0,4,6,4,Spring,False,1.5744574558357587,False,False
C26368B1948C1B2D,electric_bike,2026-04-01 06:33:00,2026-04-01 06:37:00,,,Elston Ave & Cortland St,CHI00259,41.92,-87.65,41.91643343,-87.66674638,member,4.0,4,6,4,Spring,False,1.4412343889950405,False,False
F8EBC735C7A70FC3,electric_bike,2026-04-01 06:34:00,2026-04-01 06:37:00,,,,,41.95,-87.68,41.94,-87.67,member,3.0,4,6,4,Spring,False,1.3858023459843418,False,False
C3B818B9067A875C,classic_bike,2026-04-01 06:36:00,2026-04-01 06:37:00,Broadway & Berwyn Ave,CHI00414,Sheridan Rd & Berwyn Ave,CHI02155,41.978361,-87.659789,41.97828,-87.65529,member,1.0,4,6,4,Spring,False,0.37200575329493374,False,False
8210B0690E457672,classic_bike,2026-04-01 06:33:00,2026-04-01 06:38:00,Morgan St & Lake St,CHI00878,Milwaukee Ave & Grand Ave,CHI01750,41.88549171,-87.65228927,41.891578,-87.648384,member,5.0,4,6,4,Spring,False,0.750010258606006,False,False
A708FF2DB9C7E67E,classic_bike,2026-04-01 06:30:00,2026-04-01 06:38:00,Ashland Ave & Grand Ave,CHI00362,Milwaukee Ave & Grand Ave,CHI01750,41.891072,-87.666611,41.891578,-87.648384,member,8.0,4,6,4,Spring,False,1.5097870469235994,False,False
10F1B4EE55DA6674,electric_bike,2026-04-01 06:22:00,2026-04-01 06:38:00,,,Desplaines St & Kinzie St,CHI00517,41.94,-87.64,41.88871604,-87.64444785,member,16.0,4,6,4,Spring,False,5.714380308869248,False,False
8E583B66A4049D7F,electric_bike,2026-04-01 06:33:00,2026-04-01 06:38:00,Clinton St & Jackson Blvd,CHI01091,Green St & Lake St,CHI02081,41.87831661,-87.64098108,41.88558,-87.64841,member,5.0,4,6,4,Spring,False,1.0151599041123482,False,False
A511924CFC29F419,electric_bike,2026-04-01 06:28:00,2026-04-01 06:39:00,Morgan Ave & 14Th Pl,CHI00261,Wells St & Madison St,CHI02102,41.862378,-87.651062,41.88199,-87.63418,member,11.0,4,6,4,Spring,False,2.5902906699587285,False,False
ED0949BDDE62D20C,classic_bike,2026-04-01 06:32:00,2026-04-01 06:39:00,Broadway & Granville Ave,CHI00563,Peterson/Ridge Metra,CHI01983,41.99477969,-87.66028453,41.9918,-87.67489,casual,7.0,4,6,4,Spring,False,1.2516828575977266,False,False
012213AE04769CA2,electric_bike,2026-04-01 06:34:00,2026-04-01 06:39:00,Green St & Madison St,CHI00347,Kingsbury St & Kinzie St 1,CHI00299,41.88185933,-87.64926374,41.88907,-87.63835,casual,5.0,4,6,4,Spring,False,1.2079400635966757,False,False
57DCF67A1EC6AEB1,classic_bike,2026-04-01 06:37:00,2026-04-01 06:39:00,Lasalle St & Jackson Blvd,CHI00447,Wabash Ave & Adams St,CHI00786,41.878166,-87.631929,41.87947235,-87.62568861,member,2.0,4,6,4,Spring,False,0.5366808586914096,False,False
AA1AEF1C0B0D5C95,electric_bike,2026-04-01 06:35:00,2026-04-01 06:39:00,State St & Chicago Ave,CHI01772,Michigan Ave & Lake St,CHI00553,41.8966172,-87.62857854,41.886022,-87.624398,member,4.0,4,6,4,Spring,False,1.2279016667496332,False,False
57F549432A673936,electric_bike,2026-04-01 06:14:00,2026-04-01 06:39:00,Lincoln Ave & Belle Plaine Ave,CHI00464,,,41.95600355,-87.68016145,41.88,-87.63,member,25.0,4,6,4,Spring,False,9.41533537082987,False,False
57B36F2C82575CBA,electric_bike,2026-04-01 06:37:00,2026-04-01 06:40:00,W Washington Blvd & N Peoria St,CHI00806,Clinton St & Washington Blvd 2,CHI02196,41.883043,-87.649931,41.88338,-87.64117,member,3.0,4,6,4,Spring,False,0.7262504862475847,False,False
3EABF6D9B8C9BA75,electric_bike,2026-04-01 06:34:00,2026-04-01 06:40:00,,,Halsted St & Roosevelt Rd,CHI00364,41.88,-87.64,41.867324,-87.648625,member,6.0,4,6,4,Spring,False,1.5800926319930233,False,False
AB0B34E6475933C7,electric_bike,2026-04-01 06:38:00,2026-04-01 06:40:00,Sangamon St & Lake St,CHI00242,Elizabeth St & Fulton St,CHI00280,41.88577925,-87.65102461,41.88672,-87.65957,member,2.0,4,6,4,Spring,False,0.7150926051474779,False,False
F8CC024076BAEAC3,electric_bike,2026-04-01 06:35:00,2026-04-01 06:40:00,Clark St & Winnemac Ave,CHI00495,Ravenswood Ave & Lawrence Ave,CHI00508,41.97334764,-87.66785547,41.968445,-87.674226,member,5.0,4,6,4,Spring,False,0.7579977923185822,False,False
78833E5B0A245ED3,electric_bike,2026-04-01 06:36:00,2026-04-01 06:40:00,Pine Grove Ave & Waveland Ave,CHI00354,,,41.94947274,-87.64645278,41.94,-87.65,member,4.0,4,6,4,Spring,False,1.0934136182935392,False,False
6F41209CB9142A1D,classic_bike,2026-04-01 06:36:00,2026-04-01 06:40:00,Clark St & Chicago Ave,CHI00351,State St & Kinzie St,CHI00288,41.89675,-87.63089,41.88937547,-87.62707651,member,4.0,4,6,4,Spring,False,0.8786657831823201,False,False
067D13E179F32F68,classic_bike,2026-04-01 06:33:00,2026-04-01 06:40:00,Riverside Plaza & Adams St,CHI02193,Desplaines St & Kinzie St,CHI00517,41.87926,-87.63879,41.88871604,-87.64444785,casual,7.0,4,6,4,Spring,False,1.1510679307167615,False,False
B5BE19FCB72D6AD2,electric_bike,2026-04-01 06:30:00,2026-04-01 06:41:00,Lakefront Trail & Wilson Ave,CHI01209,Hampden Ct & Diversey Pkwy,CHI02087,41.9668559,-87.6430926,41.93247,-87.64242,member,11.0,4,6,4,Spring,False,3.823942202779096,False,False
E8AAAFDDAD56A811,electric_bike,2026-04-01 06:29:00,2026-04-01 06:41:00,Public Rack - Milwaukee Ave & Higgins Ave,CHI01581,Linder Ave & Montrose Ave,CHI01982,41.96859777,-87.76127398,41.96081,-87.76488,member,12.0,4,6,4,Spring,False,0.9158482191773089,False,False
6DEA83910743F1BE,electric_bike,2026-04-01 06:38:00,2026-04-01 06:41:00,Daley Center Plaza,CHI00253,Rush St & Illinois St,CHI02141,41.884241,-87.629634,41.89087,-87.62584,casual,3.0,4,6,4,Spring,False,0.8012307203365668,False,False
BC610CDF0DD378BE,electric_bike,2026-04-01 06:31:00,2026-04-01 06:41:00,Rush St & Hubbard St,CHI00555,Clinton St & Washington Blvd 2,CHI02196,41.890173,-87.626185,41.88338,-87.64117,casual,10.0,4,6,4,Spring,False,1.4523484358494572,False,False
DDB6018BB8499568,classic_bike,2026-04-01 06:32:00,2026-04-01 06:41:00,Michigan Ave & Oak St,CHI00252,Michigan Ave & Oak St,CHI00252,41.90096039,-87.62377664,41.90096039,-87.62377664,casual,9.0,4,6,4,Spring,False,0.0,True,False
452CFDE2300B020A,electric_bike,2026-04-01 06:35:00,2026-04-01 06:41:00,Kedzie Ave & Palmer Ct,CHI00442,Milwaukee Ave & Armitage Ave,CHI02131,41.921525,-87.707322,41.91771,-87.68864,member,6.0,4,6,4,Spring,False,1.6028693438564239,False,False
9E88E76644990DF6,electric_bike,2026-04-01 06:24:00,2026-04-01 06:41:00,,,Leavitt St & Division St,CHI00787,41.94,-87.64,41.902997,-87.683825,casual,17.0,4,6,4,Spring,False,5.484214646714336,False,False
1C484F83A78B1791,classic_bike,2026-04-01 06:28:00,2026-04-01 06:42:00,Wells St & Concord Ln,CHI00396,Wells St & Washington St,CHI02072,41.912133,-87.634656,41.883,-87.63396,member,14.0,4,6,4,Spring,False,3.2399539471345586,False,False
3431061C4375C553,classic_bike,2026-04-01 06:32:00,2026-04-01 06:42:00,Ashland Ave & Grace St,CHI00503,Ravenswood Ave & Lawrence Ave,CHI00508,41.95068,-87.6687,41.968445,-87.674226,member,10.0,4,6,4,Spring,False,2.0275350449010006,False,False
99DDFA107159CA91,electric_bike,2026-04-01 06:38:00,2026-04-01 06:42:00,Clark St & Ida B Wells Dr,CHI00216,Clinton St & Jackson Blvd,CHI01091,41.87593267,-87.63058454,41.87831661,-87.64098108,member,4.0,4,6,4,Spring,False,0.9006570185113154,False,False
F0824F3C18B18C88,classic_bike,2026-04-01 06:32:00,2026-04-01 06:42:00,Canal St & Adams St,CHI01743,Wells St & Institute Pl,CHI01928,41.879255,-87.639904,41.89737986,-87.63442039,member,10.0,4,6,4,Spring,False,2.065879057717682,False,False
5799C6BB35FB5358,electric_bike,2026-04-01 06:35:00,2026-04-01 06:42:00,Michigan Ave & Washington St,CHI01677,Fulton Market,CHI01880,41.88398406,-87.62468398,41.886871,-87.648089,member,7.0,4,6,4,Spring,False,1.963940264776011,False,False
C06E3885535802FE,electric_bike,2026-04-01 06:39:00,2026-04-01 06:42:00,Ashland Ave & Wrightwood Ave,CHI00276,Sheffield Ave & Fullerton Ave,CHI00225,41.92883,-87.668507,41.9256163,-87.6536574,member,3.0,4,6,4,Spring,False,1.2794014776591378,False,False
54BCBC9DC0F88F75,electric_bike,2026-04-01 06:36:00,2026-04-01 06:42:00,Clinton St & Washington Blvd 2,CHI02196,Larrabee St & Kingsbury St 1,CHI00245,41.88338,-87.64117,41.897764,-87.642884,member,6.0,4,6,4,Spring,False,1.6057081603407615,False,False
84D03E9A4ED4186A,electric_bike,2026-04-01 06:34:00,2026-04-01 06:42:00,,,Larrabee St & Kingsbury St 2,CHI02169,41.92,-87.67,41.89758,-87.6429,member,8.0,4,6,4,Spring,False,3.353236490786669,False,False
8EA6AF2340B2B1F9,classic_bike,2026-04-01 06:32:00,2026-04-01 06:42:00,Morgan St & 18Th St,CHI00479,900 W Harrison St,CHI01748,41.858086,-87.651073,41.874754,-87.649807,member,10.0,4,6,4,Spring,False,1.8563595344087658,False,False
677FCB7B41E846C0,electric_bike,2026-04-01 06:39:00,2026-04-01 06:43:00,Burley Ave & 85Th St,CHI01992,Burley Ave & 91St St,CHI01966,41.74117,-87.54518,41.73054,-87.54558,casual,4.0,4,6,4,Spring,False,1.182467969369797,False,False
EC4371A819A456CC,electric_bike,2026-04-01 06:31:00,2026-04-01 06:43:00,Lincoln Ave & Dickens Ave,CHI02112,St. Clair St & Erie St 1,CHI01744,41.92012,-87.6416,41.8944,-87.62286,member,12.0,4,6,4,Spring,False,3.2533438273517667,False,False
2CE621EFC7F87B7D,electric_bike,2026-04-01 06:39:00,2026-04-01 06:43:00,Wells St & Elm St,CHI00540,Larrabee St & Kingsbury St 2,CHI02169,41.903222,-87.634324,41.89758,-87.6429,member,4.0,4,6,4,Spring,False,0.9472939576224358,False,False
B9559F491D1896B3,electric_bike,2026-04-01 06:37:00,2026-04-01 06:43:00,,,Indiana Ave & Roosevelt Rd,CHI00450,41.86,-87.64,41.867888,-87.623041,member,6.0,4,6,4,Spring,False,1.6557780532757076,False,False
1200E413E29C527B,electric_bike,2026-04-01 06:40:00,2026-04-01 06:43:00,Canal St & Madison St,CHI00498,Carpenter St & Fulton St,CHI02139,41.882409,-87.639767,41.88668,-87.65315,member,3.0,4,6,4,Spring,False,1.2053930611527226,False,False
B523172E24F2170B,electric_bike,2026-04-01 06:40:00,2026-04-01 06:43:00,Kingsbury St & Kinzie St 1,CHI00299,Canal St & Madison St,CHI00498,41.88907,-87.63835,41.882409,-87.639767,member,3.0,4,6,4,Spring,False,0.749900660028914,False,False
E702D143BCEF019F,electric_bike,2026-04-01 06:39:00,2026-04-01 06:44:00,Morgan St & Lake St,CHI00878,Clinton St & Washington Blvd 2,CHI02196,41.88549171,-87.65228927,41.88338,-87.64117,casual,5.0,4,6,4,Spring,False,0.949973153963411,False,False
25030B3DDF1A5F8D,electric_bike,2026-04-01 06:30:00,2026-04-01 06:44:00,Lakeview Ave & Fullerton Pkwy,CHI00469,Clinton St & Jackson Blvd,CHI01091,41.925858,-87.638973,41.87831661,-87.64098108,member,14.0,4,6,4,Spring,False,5.2889730471835055,False,False
5A8B52F9B0E86728,electric_bike,2026-04-01 06:39:00,2026-04-01 06:44:00,,,Lincoln Ave & Diversey Pkwy,CHI00285,41.92,-87.66,41.932225,-87.658617,member,5.0,4,6,4,Spring,False,1.3641645727827068,False,False
EC5D9787F09116F0,electric_bike,2026-04-01 06:37:00,2026-04-01 06:44:00,Wabash Ave & Cermak Rd,CHI00621,Halsted St & 18Th St,CHI00424,41.852619,-87.626488,41.85750568,-87.64599144,member,7.0,4,6,4,Spring,False,1.704255579374197,False,False
59168A2FECC15F48,classic_bike,2026-04-01 06:35:00,2026-04-01 06:44:00,Pine Grove Ave & Waveland Ave,CHI00354,Racine Ave & Belmont Ave,CHI00411,41.94947274,-87.64645278,41.939743,-87.658865,member,9.0,4,6,4,Spring,False,1.491420169442509,False,False
06C0216075AEC408,electric_bike,2026-04-01 06:39:00,2026-04-01 06:44:00,Lasalle St & Illinois St,CHI00358,Rush St & Superior St,CHI00368,41.890762,-87.631697,41.89576475,-87.62590803,member,5.0,4,6,4,Spring,False,0.7341994634184353,False,False
545F411390E69F22,classic_bike,2026-04-01 06:40:00,2026-04-01 06:45:00,Clark St & Elm St,CHI00281,State St & Chicago Ave,CHI01772,41.90297,-87.6313,41.8966172,-87.62857854,member,5.0,4,6,4,Spring,False,0.741439289736552,False,False
DD31B562DEF37BD9,electric_bike,2026-04-01 06:39:00,2026-04-01 06:45:00,Ada St & Washington Blvd,CHI00278,Clinton St & Jackson Blvd,CHI01091,41.88283,-87.661206,41.87831661,-87.64098108,member,6.0,4,6,4,Spring,False,1.7479923275645164,False,False
73C8C823D5EDB40B,electric_bike,2026-04-01 06:43:00,2026-04-01 06:45:00,Clinton St & Washington Blvd,CHI00509,Clinton St & Jackson Blvd,CHI01091,41.88281,-87.6412,41.87831661,-87.64098108,casual,2.0,4,6,4,Spring,False,0.4999707829287679,False,False
604EA506C949ED2A,electric_bike,2026-04-01 06:35:00,2026-04-01 06:45:00,,,Kingsbury St & Kinzie St 1,CHI00299,41.9,-87.67,41.88907,-87.63835,member,10.0,4,6,4,Spring,False,2.8878883438533967,False,False
F01831746F28A3E7,electric_bike,2026-04-01 06:37:00,2026-04-01 06:45:00,,,Halsted St & Clybourn Ave,CHI01161,41.93,-87.64,41.909668,-87.648128,member,8.0,4,6,4,Spring,False,2.3587144591634908,False,False
4FDE12523283314B,classic_bike,2026-04-01 06:42:00,2026-04-01 06:46:00,Riverside Plaza & Adams St,CHI02193,Dearborn St & Adams St 2,CHI02175,41.87926,-87.63879,41.87963,-87.62937,member,4.0,4,6,4,Spring,False,0.7809691104766768,False,False
DFED52F296517A97,classic_bike,2026-04-01 06:19:00,2026-04-01 06:46:00,Southport Ave & Belmont Ave,CHI00335,Clinton St & Washington Blvd 2,CHI02196,41.93947775,-87.66374767,41.88338,-87.64117,member,27.0,4,6,4,Spring,False,6.51156045336173,False,False
769B15947ACF8304,electric_bike,2026-04-01 06:42:00,2026-04-01 06:46:00,,,Griffin Museum Of Science And Industry,CHI00574,41.8,-87.58,41.79172821,-87.58394501,member,4.0,4,6,4,Spring,False,0.9761912702507056,False,False
ED4B98A1B0F8658A,electric_bike,2026-04-01 06:41:00,2026-04-01 06:46:00,,,Dearborn St & Madison St,CHI00405,41.88,-87.64,41.88206,-87.62964,member,5.0,4,6,4,Spring,False,0.8877471069067561,False,False
6D04C85CE9FB6E59,electric_bike,2026-04-01 06:40:00,2026-04-01 06:46:00,Franklin St & Illinois St,CHI00648,Lasalle St & Jackson Blvd,CHI00447,41.89102331,-87.63547987,41.878166,-87.631929,member,6.0,4,6,4,Spring,False,1.4595747562219605,False,False
F8F62CFFC45EB255,electric_bike,2026-04-01 06:39:00,2026-04-01 06:46:00,Ashland Ave & Augusta Blvd,CHI02012,Sedgwick St & Huron St,CHI00241,41.89962,-87.66841,41.894666,-87.638437,member,7.0,4,6,4,Spring,False,2.541209839603699,False,False
C9A6A0C15991A8B9,electric_bike,2026-04-01 06:44:00,2026-04-01 06:47:00,Halsted St & Maxwell St,CHI00437,Halsted St & Polk St,CHI00359,41.864883,-87.647071,41.87184,-87.64664,member,3.0,4,6,4,Spring,False,0.7744059083584947,False,False
8EB48A49AE154B93,electric_bike,2026-04-01 06:43:00,2026-04-01 06:47:00,Larrabee St & Kingsbury St 1,CHI00245,State St & Chicago Ave,CHI01772,41.897764,-87.642884,41.8966172,-87.62857854,member,4.0,4,6,4,Spring,False,1.1908714315517068,False,False
90284C1F3375919A,electric_bike,2026-04-01 06:42:00,2026-04-01 06:47:00,,,University Ave & 57Th St,CHI00551,41.79,-87.58,41.791478,-87.599861,member,5.0,4,6,4,Spring,False,1.6547601556857687,False,False
01FC10D92B9C628D,electric_bike,2026-04-01 06:36:00,2026-04-01 06:47:00,Kingsbury St & Kinzie St 2,CHI02181,Paulina St & Flournoy St,CHI00627,41.889188,-87.638387,41.87306109,-87.66913489,member,11.0,4,6,4,Spring,False,3.1137682264440514,False,False
008C0D4AC40C3CDF,electric_bike,2026-04-01 06:43:00,2026-04-01 06:47:00,,,Larrabee St & Kingsbury St 2,CHI02169,41.89,-87.64,41.89758,-87.6429,member,4.0,4,6,4,Spring,False,0.8763715360103587,False,False
DD9E458A8B72FFA9,electric_bike,2026-04-01 06:40:00,2026-04-01 06:47:00,Wabash Ave & Washington St,CHI02108,Mies Van Der Rohe Way & Chicago Ave,CHI00470,41.8832,-87.62662,41.89694463,-87.62175769,member,7.0,4,6,4,Spring,False,1.5804418517117953,False,False
09C73B2F04F83715,electric_bike,2026-04-01 06:35:00,2026-04-01 06:47:00,Kingsbury St & Kinzie St 2,CHI02181,Paulina St & Flournoy St,CHI00627,41.889188,-87.638387,41.87306109,-87.66913489,member,12.0,4,6,4,Spring,False,3.1137682264440514,False,False
961D28FBCCCB6407,electric_bike,2026-04-01 06:47:00,2026-04-01 06:48:00,Broadway & Oakdale Ave,CHI02088,,,41.93558,-87.64405,41.93,-87.65,member,1.0,4,6,4,Spring,False,0.7919798070254133,False,False
B682686151981485,classic_bike,2026-04-01 06:21:00,2026-04-01 06:48:00,Larrabee St & Webster Ave,CHI00454,Dearborn St & Washington St,CHI02176,41.921822,-87.64414,41.88299,-87.6293,casual,27.0,4,6,4,Spring,False,4.489191243687615,False,False
9889E178A6F8CE2D,electric_bike,2026-04-01 06:44:00,2026-04-01 06:48:00,Broadway & Cornelia Ave,CHI00430,Broadway & Oakdale Ave,CHI02088,41.945529,-87.646439,41.93558,-87.64405,member,4.0,4,6,4,Spring,False,1.1237865549594062,False,False
7D202391CDB89DE4,electric_bike,2026-04-01 06:45:00,2026-04-01 06:48:00,Clark St & Ida B Wells Dr,CHI00216,Clinton St & Jackson Blvd,CHI01091,41.87593267,-87.63058454,41.87831661,-87.64098108,member,3.0,4,6,4,Spring,False,0.9006570185113154,False,False
427AD3B1536593F1,electric_bike,2026-04-01 06:45:00,2026-04-01 06:49:00,Wentworth Ave & Cermak Rd*,CHI02021,Calumet Ave & 18Th St,CHI02039,41.85321442,-87.6318723,41.85761755,-87.61941075,member,4.0,4,6,4,Spring,False,1.142326486441615,False,False
3EA3714390AC6148,electric_bike,2026-04-01 06:45:00,2026-04-01 06:49:00,,,Southport Ave & Waveland Ave,CHI00336,41.94,-87.66,41.948226,-87.6640712,member,4.0,4,6,4,Spring,False,0.9746966333815468,False,False
485AE21751BA492D,electric_bike,2026-04-01 06:47:00,2026-04-01 06:49:00,Dearborn St & Maple St,CHI02124,Wells St & Elm St,CHI00540,41.90192,-87.63026,41.903222,-87.634324,member,2.0,4,6,4,Spring,False,0.3661738428590236,False,False
B61742AA763D08C4,electric_bike,2026-04-01 06:42:00,2026-04-01 06:49:00,Dearborn St & Division St,CHI02125,Dearborn St & Erie St,CHI00295,41.9043,-87.62991,41.89281,-87.63421,member,7.0,4,6,4,Spring,False,1.3262717134371007,False,False
E2C696B124C63406,classic_bike,2026-04-01 06:34:00,2026-04-01 06:49:00,State St & 19Th St,CHI00676,Franklin St & Monroe St,CHI00449,41.856594,-87.627542,41.880317,-87.635185,member,15.0,4,6,4,Spring,False,2.712734270587412,False,False
FAFC9168B31093D1,electric_bike,2026-04-01 06:39:00,2026-04-01 06:49:00,,,Halsted St & Clybourn Ave,CHI01161,41.94,-87.65,41.909668,-87.648128,casual,10.0,4,6,4,Spring,False,3.376318441178163,False,False
D30F456D32BA17A9,classic_bike,2026-04-01 06:34:00,2026-04-01 06:49:00,Canal St & Adams St,CHI01743,Cityfront Plaza Dr & Pioneer Ct,CHI00483,41.879255,-87.639904,41.890573,-87.622072,member,15.0,4,6,4,Spring,False,1.9398377874550732,False,False
14D7996F0C8E8CC8,electric_bike,2026-04-01 06:40:00,2026-04-01 06:49:00,Leavitt St & Armitage Ave,CHI00467,Artesian Ave & Hubbard St,CHI00647,41.91782117,-87.68253541,41.8895,-87.688257,member,9.0,4,6,4,Spring,False,3.184570384051951,False,False
259135CC737EE56F,classic_bike,2026-04-01 06:43:00,2026-04-01 06:49:00,Daley Center Plaza,CHI00253,Clinton St & Washington Blvd 2,CHI02196,41.884241,-87.629634,41.88338,-87.64117,member,6.0,4,6,4,Spring,False,0.9597905877147299,False,False
B832D93859C71A3D,electric_bike,2026-04-01 06:38:00,2026-04-01 06:50:00,Broadway & Cornelia Ave,CHI00430,,,41.945529,-87.646439,41.96,-87.65,member,12.0,4,6,4,Spring,False,1.6358256953492853,False,False
87DE76B8FC41F96C,classic_bike,2026-04-01 06:43:00,2026-04-01 06:50:00,Rush St & Cedar St,CHI00537,Lasalle Dr & Huron St,CHI00640,41.9023087,-87.62769053,41.894877,-87.632326,casual,7.0,4,6,4,Spring,False,0.911084865113682,False,False
A70919D4F4CABE99,electric_bike,2026-04-01 06:47:00,2026-04-01 06:50:00,Clark St & Elm St,CHI00281,,,41.90297,-87.6313,41.9,-87.63,casual,3.0,4,6,4,Spring,False,0.3473327259376014,False,False
546674070A0B0D66,electric_bike,2026-04-01 06:41:00,2026-04-01 06:50:00,,,Wells St & Washington St,CHI02072,41.91,-87.64,41.883,-87.63396,member,9.0,4,6,4,Spring,False,3.0436003646467533,False,False
A68EE0FFCF48D426,electric_bike,2026-04-01 06:38:00,2026-04-01 06:50:00,,,Sheffield Ave & Wellington Ave,CHI00274,41.89,-87.64,41.93625348,-87.6526621,member,12.0,4,6,4,Spring,False,5.248789196376099,False,False
2B9D3D4DEED03D71,classic_bike,2026-04-01 06:43:00,2026-04-01 06:50:00,St Clair St & Ohio St,CHI02143,Kingsbury St & Kinzie St 2,CHI02181,41.89238,-87.62264,41.889188,-87.638387,member,7.0,4,6,4,Spring,False,1.3509278080314957,False,False
38C4D7366229FB74,electric_bike,2026-04-01 06:40:00,2026-04-01 06:50:00,Broadway & Cornelia Ave,CHI00430,,,41.945529,-87.646439,41.96,-87.65,casual,10.0,4,6,4,Spring,False,1.6358256953492853,False,False
B32D514AF70D7FE5,electric_bike,2026-04-01 06:47:00,2026-04-01 06:50:00,,,Kingsbury St & Kinzie St 2,CHI02181,41.89,-87.65,41.889188,-87.638387,casual,3.0,4,6,4,Spring,False,0.9655220752276352,False,False
87DDF269E748E9A8,electric_bike,2026-04-01 06:43:00,2026-04-01 06:50:00,Normal Ave & Archer Ave,CHI00392,Wabash Ave & 9Th St,CHI00448,41.849527,-87.640591,41.870769,-87.625734,member,7.0,4,6,4,Spring,False,2.6632514495460304,False,False
EC6F07351C9B9661,classic_bike,2026-04-01 06:46:00,2026-04-01 06:50:00,Franklin St & Chicago Ave,CHI01745,Dearborn St & Maple St,CHI02124,41.89679,-87.63564,41.90192,-87.63026,member,4.0,4,6,4,Spring,False,0.7236424709384192,False,False
7309EBA6ED63152F,classic_bike,2026-04-01 06:45:00,2026-04-01 06:50:00,Sedgwick St & Huron St,CHI00241,Kingsbury St & Kinzie St 2,CHI02181,41.894666,-87.638437,41.889188,-87.638387,member,5.0,4,6,4,Spring,False,0.6091398682221278,False,False
52EC2C8AFA100276,electric_bike,2026-04-01 06:32:00,2026-04-01 06:50:00,Broadway & Roscoe Ave,CHI02153,Orleans St & Merchandise Mart Plaza,CHI00367,41.9436,-87.64532,41.888243,-87.63639,member,18.0,4,6,4,Spring,False,6.199607351476547,False,False
6EF20435D73135F5,electric_bike,2026-04-01 06:33:00,2026-04-01 06:51:00,Paulina St & 18Th St,CHI00312,Clark St & Lake St,CHI00761,41.857901,-87.668745,41.88602083,-87.63087606,member,18.0,4,6,4,Spring,False,4.428140686934453,False,False
AE8046FB936405E9,electric_bike,2026-04-01 06:45:00,2026-04-01 06:51:00,State St & Chicago Ave,CHI01772,Orleans St & Merchandise Mart Plaza,CHI00367,41.8966172,-87.62857854,41.888243,-87.63639,member,6.0,4,6,4,Spring,False,1.1336413839930803,False,False
A03223033E4DC308,electric_bike,2026-04-01 06:41:00,2026-04-01 06:51:00,Michigan Ave & Jackson Blvd,CHI00452,Ada St & Washington Blvd,CHI00278,41.878556,-87.624146,41.88283,-87.661206,casual,10.0,4,6,4,Spring,False,3.1047377046294136,False,False
D087787F5A87D1A4,electric_bike,2026-04-01 06:46:00,2026-04-01 06:51:00,Clark St & Elm St,CHI00281,St. Clair St & Erie St 2,CHI02182,41.90297,-87.6313,41.89445,-87.62268,member,5.0,4,6,4,Spring,False,1.1859692271794213,False,False
B04C130BE3766FFF,electric_bike,2026-04-01 06:47:00,2026-04-01 06:52:00,,,Wilton Ave & Diversey Pkwy,CHI02052,41.93,-87.67,41.932418,-87.652705,member,5.0,4,6,4,Spring,False,1.4557427855311826,False,False
32AF6FE7A69F29E7,electric_bike,2026-04-01 06:48:00,2026-04-01 06:52:00,Wabash Ave & Grand Ave,CHI00313,,,41.891466,-87.626761,41.89,-87.64,member,4.0,4,6,4,Spring,False,1.1079249693283388,False,False
2FF7574D767EC30A,classic_bike,2026-04-01 06:42:00,2026-04-01 06:52:00,Canal St & Madison St,CHI00498,Dearborn Pkwy & Delaware Pl,CHI00306,41.882409,-87.639767,41.898969,-87.629912,member,10.0,4,6,4,Spring,False,2.0139924756480703,False,False
DA3F1937FC23F7CB,electric_bike,2026-04-01 06:43:00,2026-04-01 06:52:00,Halsted St & Clybourn Ave,CHI01161,St. Clair St & Erie St 2,CHI02182,41.909668,-87.648128,41.89445,-87.62268,member,9.0,4,6,4,Spring,False,2.701681966796206,False,False
C3F43A12C1BDF872,electric_bike,2026-04-01 06:49:00,2026-04-01 06:52:00,Broadway & Oakdale Ave,CHI02088,Halsted St & Wrightwood Ave,CHI00504,41.93558,-87.64405,41.929143,-87.649077,casual,3.0,4,6,4,Spring,False,0.8277919290766348,False,False
B70A0C3F47306A6C,electric_bike,2026-04-01 06:50:00,2026-04-01 06:52:00,,,Dorchester Ave & 63Rd St,CHI00566,41.78,-87.59,41.78040565,-87.59141599,member,2.0,4,6,4,Spring,False,0.12577829029962098,False,False
BC28A50D512786B7,electric_bike,2026-04-01 06:40:00,2026-04-01 06:52:00,Loomis St & Lexington St,CHI00238,Lasalle St & Illinois St,CHI00358,41.87222873,-87.66136386,41.890762,-87.631697,member,12.0,4,6,4,Spring,False,3.206103361074111,False,False
4786F8EF3B526A6C,electric_bike,2026-04-01 06:50:00,2026-04-01 06:53:00,Green St & Chicago Ave,CHI02095,Fulton Market,CHI01880,41.893392,-87.650737,41.886871,-87.648089,member,3.0,4,6,4,Spring,False,0.7575079125545049,False,False
CAD8C982B3EC956B,electric_bike,2026-04-01 06:47:00,2026-04-01 06:53:00,,,Clinton St & Lake St,CHI01746,41.89,-87.63,41.885637,-87.641823,member,6.0,4,6,4,Spring,False,1.0923464539845245,False,False
B5E3CBDB6B54BA86,classic_bike,2026-04-01 06:50:00,2026-04-01 06:53:00,Desplaines St & Kinzie St,CHI00517,Kingsbury St & Kinzie St 2,CHI02181,41.88871604,-87.64444785,41.889188,-87.638387,member,3.0,4,6,4,Spring,False,0.5044422292123214,False,False
6B64875EFFA70B7A,electric_bike,2026-04-01 06:45:00,2026-04-01 06:53:00,Southport Ave & Wellington Ave,CHI00236,Halsted St & Clybourn Ave,CHI01161,41.93577462,-87.66360015,41.909668,-87.648128,member,8.0,4,6,4,Spring,False,3.1726268032213456,False,False
7F099324F4A74EC4,electric_bike,2026-04-01 06:51:00,2026-04-01 06:53:00,Wabash Ave & Adams St,CHI00786,Franklin St & Adams St,CHI00453,41.87947235,-87.62568861,41.87943409,-87.63550401,casual,2.0,4,6,4,Spring,False,0.8126309739717347,False,False
0F282311842E44A5,electric_bike,2026-04-01 06:41:00,2026-04-01 06:53:00,Clinton St & Jackson Blvd,CHI01091,Calumet Ave & 21St St,CHI00560,41.87831661,-87.64098108,41.85418425,-87.61915374,member,12.0,4,6,4,Spring,False,3.235358444338799,False,False
D3160069EBF4ADD2,electric_bike,2026-04-01 06:51:00,2026-04-01 06:53:00,Clybourn Ave & Division St,CHI00344,,,41.904613,-87.640552,41.9,-87.63,member,2.0,4,6,4,Spring,False,1.0127913419651262,False,False
227FC3F6C3EAC4CE,electric_bike,2026-04-01 06:42:00,2026-04-01 06:53:00,Clark St & Lincoln Ave,CHI00413,Clinton St & Jackson Blvd,CHI01091,41.915689,-87.6346,41.87831661,-87.64098108,member,11.0,4,6,4,Spring,False,4.189047327140779,False,False
FE3EB441DC3138B0,electric_bike,2026-04-01 06:43:00,2026-04-01 06:54:00,Sedgwick St & Webster Ave,CHI00487,St. Clair St & Erie St 2,CHI02182,41.922167,-87.638888,41.89445,-87.62268,casual,11.0,4,6,4,Spring,False,3.3611957005673654,False,False
8D545D683CF6DF3C,electric_bike,2026-04-01 06:48:00,2026-04-01 06:54:00,,,Orleans St & Merchandise Mart Plaza,CHI00367,41.88,-87.63,41.888243,-87.63639,member,6.0,4,6,4,Spring,False,1.0582770477823422,False,False
B3A76F50B26D848F,electric_bike,2026-04-01 06:49:00,2026-04-01 06:54:00,Clinton St & Washington Blvd 2,CHI02196,Lasalle St & Jackson Blvd,CHI00447,41.88338,-87.64117,41.878166,-87.631929,member,5.0,4,6,4,Spring,False,0.9599135767749604,False,False
CD543A09ABB1C7BB,electric_bike,2026-04-01 06:51:00,2026-04-01 06:54:00,Calumet Ave & 35Th St,CHI00355,Mlk Jr Dr & Pershing Rd,CHI02040,41.831379,-87.618034,41.8246,-87.61678,casual,3.0,4,6,4,Spring,False,0.7609176879680198,False,False
66FF3FEEF2138523,electric_bike,2026-04-01 06:48:00,2026-04-01 06:54:00,Halsted St & Fulton St,CHI02118,Clinton St & Madison St,CHI00233,41.88672,-87.64729,41.88166,-87.64115,casual,6.0,4,6,4,Spring,False,0.7582442931837258,False,False
17E9E156609161C1,electric_bike,2026-04-01 06:49:00,2026-04-01 06:54:00,Canal St & Lake St,CHI02184,Larrabee St & Kingsbury St 2,CHI02169,41.88597,-87.63999,41.89758,-87.6429,member,5.0,4,6,4,Spring,False,1.3132522540448945,False,False
DC2939D60B294E13,electric_bike,2026-04-01 06:45:00,2026-04-01 06:54:00,Wells St & Elm St,CHI00540,Wabash Ave & Jackson Blvd,CHI02168,41.903222,-87.634324,41.87801,-87.62599,member,9.0,4,6,4,Spring,False,2.887076446497377,False,False
7F18C9D0381323AA,electric_bike,2026-04-01 06:47:00,2026-04-01 06:54:00,Ellis Ave & 53Rd St,CHI00585,Griffin Museum Of Science And Industry,CHI00574,41.79933626,-87.60095811,41.79172821,-87.58394501,member,7.0,4,6,4,Spring,False,1.6446317303597906,False,False
072E2FB303ADB5AF,electric_bike,2026-04-01 06:48:00,2026-04-01 06:54:00,Orleans St & Chestnut St (Next Apts),CHI01251,Franklin St & Madison St,CHI02142,41.898203,-87.637536,41.88139,-87.63542,member,6.0,4,6,4,Spring,False,1.8777075777064103,False,False
A283F612F2385A73,electric_bike,2026-04-01 06:43:00,2026-04-01 06:54:00,Ogden Ave & Race Ave,CHI00229,St. Clair St & Erie St 2,CHI02182,41.89172101,-87.65882087,41.89445,-87.62268,member,11.0,4,6,4,Spring,False,3.006826111938076,False,False
1F0224696120072B,electric_bike,2026-04-01 06:53:00,2026-04-01 06:54:00,Dearborn St & Madison St,CHI00405,Wells St & Madison St,CHI02102,41.88206,-87.62964,41.88199,-87.63418,member,1.0,4,6,4,Spring,False,0.3759333895381734,False,False
D91D23B48B4C2F4C,electric_bike,2026-04-01 06:46:00,2026-04-01 06:54:00,,,Canal St & Adams St,CHI01743,41.86,-87.63,41.879255,-87.639904,member,8.0,4,6,4,Spring,False,2.292741529595873,False,False
2C776D19AD18EEFA,electric_bike,2026-04-01 06:35:00,2026-04-01 06:54:00,Kedzie Ave & Armitage Ave,CHI02123,Aberdeen St & Randolph St,CHI00715,41.91759,-87.70685,41.884114,-87.654264,casual,19.0,4,6,4,Spring,False,5.726883983708464,False,False
36F5B1C67CB34150,electric_bike,2026-04-01 06:46:00,2026-04-01 06:54:00,,,,,41.93,-87.65,41.92,-87.67,casual,8.0,4,6,4,Spring,False,1.9935434678427408,False,False
6E72B703904D4DA2,electric_bike,2026-04-01 06:44:00,2026-04-01 06:54:00,Damen Ave & 81St St,CHI01545,,,41.746534,-87.673055,41.74,-87.7,casual,10.0,4,6,4,Spring,False,2.3506330511957065,False,False
7A452C97B199BDD6,electric_bike,2026-04-01 06:48:00,2026-04-01 06:54:00,Morgan St & Lake St,CHI00878,Franklin St & Jackson Blvd,CHI02050,41.88549171,-87.65228927,41.87770796,-87.63532114,member,6.0,4,6,4,Spring,False,1.6499800289860718,False,False
5A81D34147C4EAE7,classic_bike,2026-04-01 06:34:00,2026-04-01 06:54:00,Clark St & Drummond Pl,CHI00385,Wacker Dr & Randolph St,CHI02140,41.931248,-87.644336,41.88454,-87.63732,member,20.0,4,6,4,Spring,False,5.226044131999968,False,False
CEE39FF43FAC1742,electric_bike,2026-04-01 06:46:00,2026-04-01 06:55:00,Sangamon St & Lake St,CHI00242,Wolcott Ave & Polk St,CHI00501,41.88577925,-87.65102461,41.871262,-87.673688,member,9.0,4,6,4,Spring,False,2.4751610925808483,False,False
84654FE0215259E2,classic_bike,2026-04-01 06:42:00,2026-04-01 06:55:00,Noble St & Milwaukee Ave,CHI00457,Artesian Ave & Hubbard St,CHI00647,41.9007,-87.662607,41.8895,-87.688257,member,13.0,4,6,4,Spring,False,2.461366407353869,False,False
8114D633BD50B4BE,electric_bike,2026-04-01 06:50:00,2026-04-01 06:55:00,,,Ellis Ave & 58Th St,CHI00460,41.79,-87.59,41.788746,-87.601334,casual,5.0,4,6,4,Spring,False,0.9499561345914176,False,False
DAF854BAC5C8A1B1,electric_bike,2026-04-01 06:47:00,2026-04-01 06:55:00,Eckhart Park,CHI00349,Sedgwick St & Huron St,CHI00241,41.89637337,-87.66098386,41.894666,-87.638437,member,8.0,4,6,4,Spring,False,1.8758238153029243,False,False
A39FE85BC49ECB0D,electric_bike,2026-04-01 06:49:00,2026-04-01 06:55:00,Whipple/Irving Park,CHI00943,,,41.954189,-87.704448,41.97,-87.7,member,6.0,4,6,4,Spring,False,1.7961581960420905,False,False
64E034D5CFEC1CB4,classic_bike,2026-04-01 06:42:00,2026-04-01 06:55:00,Canal St & Monroe St,CHI00398,Mies Van Der Rohe Way & Chicago Ave,CHI00470,41.8829056,-87.6397409,41.89694463,-87.62175769,member,13.0,4,6,4,Spring,False,2.157044252713588,False,False
887178FF78DC01E4,electric_bike,2026-04-01 06:49:00,2026-04-01 06:55:00,Larrabee St & Division St,CHI00575,St. Clair St & Erie St 2,CHI02182,41.90348607,-87.64335349,41.89445,-87.62268,member,6.0,4,6,4,Spring,False,1.98424192032966,False,False
CFD0D3EBFEDCEF75,electric_bike,2026-04-01 06:53:00,2026-04-01 06:55:00,Wells St & Polk St,CHI00606,Franklin St & Monroe St,CHI00449,41.87273154,-87.63351649,41.880317,-87.635185,casual,2.0,4,6,4,Spring,False,0.8547023278875735,False,False
76770DC8F7A8DD3B,classic_bike,2026-04-01 06:43:00,2026-04-01 06:55:00,Burnham Harbor,CHI00558,Shedd Aquarium,CHI00533,41.85741179,-87.61379153,41.86722596,-87.61535539,member,12.0,4,6,4,Spring,False,1.0989436030535156,False,False
F225E0BD5F2F9703,electric_bike,2026-04-01 06:44:00,2026-04-01 06:56:00,Wells St & Polk St,CHI00606,Hermitage Ave & Polk St,CHI00283,41.87273154,-87.63351649,41.871514,-87.669886,casual,12.0,4,6,4,Spring,False,3.0144294581469495,False,False
2D318AD25AA376A0,electric_bike,2026-04-01 06:52:00,2026-04-01 06:56:00,,,Riverside Plaza & Adams St,CHI02193,41.88,-87.65,41.87926,-87.63879,member,4.0,4,6,4,Spring,False,0.9317171754844636,False,False
204B5F4C77A25914,electric_bike,2026-04-01 06:50:00,2026-04-01 06:56:00,Lakeview Ave & Fullerton Pkwy,CHI00469,Halsted St & Melrose St,CHI02162,41.925858,-87.638973,41.94112,-87.64907,member,6.0,4,6,4,Spring,False,1.8914558984258603,False,False
7646BDC590F49734,electric_bike,2026-04-01 06:52:00,2026-04-01 06:56:00,Wells St & Polk St,CHI00606,,,41.87273154,-87.63351649,41.88,-87.63,member,4.0,4,6,4,Spring,False,0.8590567439028534,False,False
288F1B45FDED8CA4,electric_bike,2026-04-01 06:53:00,2026-04-01 06:56:00,Wood St & Augusta Blvd,CHI00788,Paulina St & Division St,CHI00244,41.899181,-87.6722,41.9035529,-87.6704292,member,3.0,4,6,4,Spring,False,0.5077437247291151,False,False
0E58A18BA5DD33C5,electric_bike,2026-04-01 06:53:00,2026-04-01 06:56:00,,,,,41.88,-87.65,41.88,-87.65,member,3.0,4,6,4,Spring,False,0.0,True,False
C995B065C6E816EE,electric_bike,2026-04-01 06:36:00,2026-04-01 06:56:00,Sheridan Rd & Montrose Ave,CHI00290,Kingsbury St & Kinzie St 2,CHI02181,41.96167,-87.65464,41.889188,-87.638387,member,20.0,4,6,4,Spring,False,8.17102529284122,False,False
3CB72168357B7829,classic_bike,2026-04-01 06:40:00,2026-04-01 06:56:00,Wells St & Polk St,CHI00606,Dearborn St & Erie St,CHI00295,41.87273154,-87.63351649,41.89281,-87.63421,member,16.0,4,6,4,Spring,False,2.2333609644472667,False,False
516EDEB7E6A3C60B,electric_bike,2026-04-01 06:53:00,2026-04-01 06:56:00,Clinton St & Lake St,CHI01746,,,41.885637,-87.641823,41.89,-87.64,casual,3.0,4,6,4,Spring,False,0.5080719314332889,False,False
BD63504C6E6C2939,electric_bike,2026-04-01 06:53:00,2026-04-01 06:56:00,Lincoln Ave & Waveland Ave,CHI00446,Lincoln Ave & Melrose St,CHI00477,41.948797,-87.675278,41.9406,-87.669435,member,3.0,4,6,4,Spring,False,1.031648268211622,False,False
637FD8A4291D06D7,classic_bike,2026-04-01 06:54:00,2026-04-01 06:56:00,Halsted St & Wrightwood Ave,CHI00504,Wilton Ave & Diversey Pkwy,CHI02052,41.929143,-87.649077,41.932418,-87.652705,member,2.0,4,6,4,Spring,False,0.4718983690548405,False,False
3B41AD6E701D0D9E,electric_bike,2026-04-01 06:52:00,2026-04-01 06:56:00,,,Lincoln Ave & Montana St,CHI02114,41.92,-87.64,41.92657,-87.6506,member,4.0,4,6,4,Spring,False,1.1413979426391458,False,False
A5A33A1C07F7F034,classic_bike,2026-04-01 06:54:00,2026-04-01 06:56:00,Halsted St & Melrose St,CHI02162,Wilton Ave & Belmont Ave,CHI00353,41.94112,-87.64907,41.94023192,-87.65294373,member,2.0,4,6,4,Spring,False,0.335272417727886,False,False
967D95CEA171B3E2,electric_bike,2026-04-01 06:38:00,2026-04-01 06:57:00,California Ave & Division St,CHI00340,Mies Van Der Rohe Way & Chicago Ave,CHI00470,41.903029,-87.697474,41.89694463,-87.62175769,member,19.0,4,6,4,Spring,False,6.3029757417473045,False,False
CCEB9F50959FBF43,electric_bike,2026-04-01 06:49:00,2026-04-01 06:57:00,,,Artesian Ave & Hubbard St,CHI00647,41.9,-87.72,41.8895,-87.688257,member,8.0,4,6,4,Spring,False,2.875118625103091,False,False
2DC508D03D903FD8,electric_bike,2026-04-01 06:45:00,2026-04-01 06:57:00,Halsted St & Clybourn Ave,CHI01161,Wells St & Randolph St,CHI00266,41.909668,-87.648128,41.884295,-87.633963,member,12.0,4,6,4,Spring,False,3.055247557893328,False,False
1045FBD71A9D0DBA,electric_bike,2026-04-01 06:52:00,2026-04-01 06:57:00,Green St & Chicago Ave,CHI02095,Canal St & Madison St,CHI00498,41.893392,-87.650737,41.882409,-87.639767,casual,5.0,4,6,4,Spring,False,1.521869727882033,False,False
604AF2AA2E77FA37,electric_bike,2026-04-01 06:53:00,2026-04-01 06:57:00,Loomis St & Lexington St,CHI00238,Halsted St & Polk St,CHI00359,41.87222873,-87.66136386,41.87184,-87.64664,casual,4.0,4,6,4,Spring,False,1.2199002193166115,False,False
3A49E3633CFB6782,electric_bike,2026-04-01 06:52:00,2026-04-01 06:57:00,,,Morgan St & Lake St,CHI00878,41.88,-87.64,41.88549171,-87.65228927,member,5.0,4,6,4,Spring,False,1.1865730065694386,False,False
B2B3392F81388399,electric_bike,2026-04-01 06:54:00,2026-04-01 06:57:00,Dearborn St & Division St,CHI02125,Clark St & Chicago Ave,CHI00351,41.9043,-87.62991,41.89675,-87.63089,casual,3.0,4,6,4,Spring,False,0.8434305791095325,False,False
E3FE9367F31CFCB6,electric_bike,2026-04-01 06:52:00,2026-04-01 06:57:00,Southport Ave & Waveland Ave,CHI00336,,,41.948226,-87.6640712,41.94,-87.66,member,5.0,4,6,4,Spring,False,0.9746966333815468,False,False
98CC94141E4D365D,electric_bike,2026-04-01 06:49:00,2026-04-01 06:57:00,Wells St & Institute Pl,CHI01928,Michigan Ave & Lake St,CHI00553,41.89737986,-87.63442039,41.886022,-87.624398,member,8.0,4,6,4,Spring,False,1.5110395302713286,False,False
455CD6ABAB80D3EB,electric_bike,2026-04-01 06:45:00,2026-04-01 06:58:00,Leavitt St & Chicago Ave,CHI00713,Dearborn St & Washington St,CHI02176,41.895501,-87.682017,41.88299,-87.6293,member,13.0,4,6,4,Spring,False,4.580170467985459,False,False
BD2AD495C6D14450,electric_bike,2026-04-01 06:54:00,2026-04-01 06:58:00,,,,,41.93,-87.65,41.93,-87.65,member,4.0,4,6,4,Spring,False,0.0,True,False
00EBCE975EDF1274,electric_bike,2026-04-01 06:51:00,2026-04-01 06:58:00,Wabash Ave & 16Th St,CHI00604,Franklin St & Jackson Blvd,CHI02050,41.860384,-87.625813,41.87770796,-87.63532114,member,7.0,4,6,4,Spring,False,2.0810163364076115,False,False
298C62A55B3BAFC2,electric_bike,2026-04-01 06:50:00,2026-04-01 06:58:00,New St & Illinois St,CHI00279,Larrabee St & Kingsbury St 2,CHI02169,41.89084704,-87.61861682,41.89758,-87.6429,casual,8.0,4,6,4,Spring,False,2.1448533176537166,False,False
FE983B4226383C78,electric_bike,2026-04-01 06:50:00,2026-04-01 06:58:00,,,Dearborn St & Adams St 2,CHI02175,41.91,-87.63,41.87963,-87.62937,member,8.0,4,6,4,Spring,False,3.3773924958922508,False,False
E63BF28EB2632B2B,classic_bike,2026-04-01 06:55:00,2026-04-01 06:58:00,Morgan St & Lake St,CHI00878,Fulton Market,CHI01880,41.88549171,-87.65228927,41.886871,-87.648089,member,3.0,4,6,4,Spring,False,0.38002778422344646,False,False
E6A41ACD6397485C,electric_bike,2026-04-01 06:54:00,2026-04-01 06:58:00,Ellis Ave & 53Rd St,CHI00585,,,41.79933626,-87.60095811,41.79,-87.6,casual,4.0,4,6,4,Spring,False,1.0411787642994597,False,False
34156BE3985E2488,electric_bike,2026-04-01 06:51:00,2026-04-01 06:58:00,Desplaines St & Kinzie St,CHI00517,St. Clair St & Erie St 2,CHI02182,41.88871604,-87.64444785,41.89445,-87.62268,member,7.0,4,6,4,Spring,False,1.9113056290078314,False,False
01A51B7B106398BB,electric_bike,2026-04-01 06:54:00,2026-04-01 06:59:00,Orleans St & Chestnut St (Next Apts),CHI01251,,,41.898203,-87.637536,41.89,-87.62,member,5.0,4,6,4,Spring,False,1.7142847896840878,False,False
70F00C3308290804,electric_bike,2026-04-01 06:52:00,2026-04-01 06:59:00,,,Orleans St & Merchandise Mart Plaza,CHI00367,41.9,-87.63,41.888243,-87.63639,member,7.0,4,6,4,Spring,False,1.4102576145567682,False,False
E445585272B1C975,electric_bike,2026-04-01 06:53:00,2026-04-01 06:59:00,Rush St & Superior St,CHI00368,Kingsbury St & Kinzie St 2,CHI02181,41.89576475,-87.62590803,41.889188,-87.638387,casual,6.0,4,6,4,Spring,False,1.2655985471109565,False,False
286A6C5C410941D9,electric_bike,2026-04-01 06:53:00,2026-04-01 06:59:00,Stave St & Armitage Ave,CHI00412,Wood St & Beach Ave,CHI00329,41.917741,-87.691392,41.907655,-87.672552,member,6.0,4,6,4,Spring,False,1.9204523907762014,False,False
CF2217F6F07F91C8,electric_bike,2026-04-01 06:57:00,2026-04-01 06:59:00,Kimball Ave & Wrightwood Ave,CHI02192,Spaulding Ave & Milwaukee Ave,CHI02180,41.92837,-87.71244,41.93089,-87.71072,member,2.0,4,6,4,Spring,False,0.3142674653730394,False,False
C8F454B7DCAE38F1,classic_bike,2026-04-01 06:47:00,2026-04-01 06:59:00,Wells St & Huron St,CHI00294,Clinton St & Washington Blvd,CHI00509,41.8947953,-87.6343743,41.88281,-87.6412,member,12.0,4,6,4,Spring,False,1.4475316619363106,False,False
E7CECDD42EF9DDF8,electric_bike,2026-04-01 06:54:00,2026-04-01 06:59:00,,,,,41.89,-87.63,41.9,-87.63,member,5.0,4,6,4,Spring,False,1.1119492664455182,False,False
B2ED441FE7412C5D,electric_bike,2026-04-01 06:53:00,2026-04-01 06:59:00,Aberdeen St & Jackson Blvd,CHI00406,Wacker Dr & Washington St,CHI01787,41.87772613,-87.65478743,41.88314336,-87.63724208,member,6.0,4,6,4,Spring,False,1.5725091944595992,False,False
277D546338031DFC,electric_bike,2026-04-01 06:51:00,2026-04-01 06:59:00,Mcclurg Ct & Ohio St,CHI00330,Wells St & Huron St,CHI00294,41.89305365,-87.61727369,41.8947953,-87.6343743,member,8.0,4,6,4,Spring,False,1.4286309926456682,False,False
ACDBFC7D3382F5FD,electric_bike,2026-04-01 06:55:00,2026-04-01 06:59:00,Loomis St & Lexington St,CHI00238,Halsted St & Roosevelt Rd,CHI00364,41.87222873,-87.66136386,41.867324,-87.648625,member,4.0,4,6,4,Spring,False,1.1874646699923341,False,False
1440C78BF5BA5F62,electric_bike,2026-04-01 06:45:00,2026-04-01 06:59:00,,,,,41.79,-87.69,41.81,-87.71,member,14.0,4,6,4,Spring,False,2.773848273507446,False,False
257AA45707259003,electric_bike,2026-04-01 06:53:00,2026-04-01 06:59:00,,,,,41.89,-87.64,41.89,-87.64,member,6.0,4,6,4,Spring,False,0.0,True,False
56BFB3FDEBCFB1D1,electric_bike,2026-04-01 06:51:00,2026-04-01 07:00:00,,,Clinton St & Washington Blvd,CHI00509,41.9,-87.67,41.88281,-87.6412,member,9.0,4,6,4,Spring,False,3.0555938379700893,False,False
9C769C5A9AC18717,electric_bike,2026-04-01 06:57:00,2026-04-01 07:00:00,Wells St & Randolph St,CHI00266,Clinton St & Lake St,CHI01746,41.884295,-87.633963,41.885637,-87.641823,member,3.0,4,6,4,Spring,False,0.6675674978537235,False,False
B33266855FE68DDA,electric_bike,2026-04-01 06:51:00,2026-04-01 07:00:00,Mcclurg Ct & Ohio St,CHI00330,Michigan Ave & Jackson Blvd,CHI00452,41.89298558,-87.61726391,41.878556,-87.624146,member,9.0,4,6,4,Spring,False,1.7026396090716027,False,False
E86A1FC81FF580BA,electric_bike,2026-04-01 06:54:00,2026-04-01 07:00:00,Clinton St & Washington Blvd 2,CHI02196,Larrabee St & Kingsbury St 2,CHI02169,41.88338,-87.64117,41.89758,-87.6429,member,6.0,4,6,4,Spring,False,1.585448443196321,False,False
D0BC7F598ED45AED,classic_bike,2026-04-01 06:58:00,2026-04-01 07:00:00,Ellis Ave & 53Rd St,CHI00585,Ellis Ave & 55Th St,CHI00583,41.79933626,-87.60095811,41.79430062,-87.60144977,member,2.0,4,6,4,Spring,False,0.5614190001463858,False,False
C45755E0370F472B,classic_bike,2026-04-01 06:53:00,2026-04-01 07:01:00,Clark St & Montrose Ave,CHI00562,Clark St & Eddy St,CHI02122,41.961588,-87.666036,41.94628,-87.65627,member,8.0,4,6,4,Spring,False,1.8840344948121104,False,False
D5488875691B4BCF,electric_bike,2026-04-01 06:55:00,2026-04-01 07:01:00,Canal St & Jackson Blvd,CHI00521,Clark St & Lake St,CHI00761,41.878125,-87.639968,41.88602083,-87.63087606,member,6.0,4,6,4,Spring,False,1.156455704795113,False,False
31A8C313A808F95B,electric_bike,2026-04-01 06:54:00,2026-04-01 07:01:00,Dusable Lake Shore Dr & North Blvd,CHI00525,State St & Chicago Ave,CHI01772,41.911722,-87.626804,41.8966172,-87.62857854,member,7.0,4,6,4,Spring,False,1.6859853368781994,False,False
89FC16BDCA24055A,electric_bike,2026-04-01 06:55:00,2026-04-01 07:01:00,,,,,41.87,-87.68,41.87,-87.67,member,6.0,4,6,4,Spring,False,0.8280253862166302,False,False
B5EDE74B039E7D5E,electric_bike,2026-04-01 06:50:00,2026-04-01 07:01:00,Leavitt St & Augusta Blvd,CHI02120,Canal St & Madison St,CHI00498,41.89962,-87.68194,41.882409,-87.639767,member,11.0,4,6,4,Spring,False,3.981055576812948,False,False
E04E0335F5882BDC,electric_bike,2026-04-01 06:54:00,2026-04-01 07:01:00,,,,,41.99,-87.66,41.98,-87.66,member,7.0,4,6,4,Spring,False,1.1119492664462256,False,False
1127DBD3D9D44250,classic_bike,2026-04-01 06:46:00,2026-04-01 07:01:00,Leavitt St & Chicago Ave,CHI00713,Wolcott Ave & Polk St,CHI00501,41.895501,-87.682017,41.871262,-87.673688,member,15.0,4,6,4,Spring,False,2.7820546687154044,False,False
E15D55F0D913C25C,electric_bike,2026-04-01 06:57:00,2026-04-01 07:01:00,,,St. Clair St & Erie St 1,CHI01744,41.9,-87.63,41.8944,-87.62286,member,4.0,4,6,4,Spring,False,0.8584735062543951,False,False
0C6583A9B76F432F,electric_bike,2026-04-01 06:55:00,2026-04-01 07:01:00,Clinton St & Washington Blvd 2,CHI02196,Dearborn St & Adams St 1,CHI00438,41.88338,-87.64117,41.87935636,-87.62979104,member,6.0,4,6,4,Spring,False,1.042886418570008,False,False
78A9C82EC6419AE0,classic_bike,2026-04-01 06:57:00,2026-04-01 07:01:00,California Ave & North Ave,CHI00268,Leavitt St & North Ave,CHI00428,41.910044,-87.697167,41.91016,-87.68232,member,4.0,4,6,4,Spring,False,1.228665471127415,False,False
93AA370713A5C957,electric_bike,2026-04-01 06:58:00,2026-04-01 07:01:00,Canal St & Monroe St,CHI00398,Dearborn St & Madison St,CHI00405,41.8829056,-87.6397409,41.88206,-87.62964,member,3.0,4,6,4,Spring,False,0.8414865049590761,False,False
3E519271F4D90CB4,electric_bike,2026-04-01 06:58:00,2026-04-01 07:01:00,May St & Hubbard St,CHI02166,,,41.89008,-87.65597,41.89,-87.66,member,3.0,4,6,4,Spring,False,0.3337081840992517,False,False
07662F9CE6F0D415,classic_bike,2026-04-01 06:42:00,2026-04-01 07:01:00,Honore St & Division St,CHI00269,Lincoln Park Conservatory,CHI00626,41.903119,-87.673935,41.92393131,-87.63582453,member,19.0,4,6,4,Spring,False,3.9115411399785756,False,False
5F4F23A4C8F47B51,classic_bike,2026-04-01 06:43:00,2026-04-01 07:01:00,900 W Harrison St,CHI01748,Dearborn St & Erie St,CHI00295,41.874754,-87.649807,41.89281,-87.63421,member,18.0,4,6,4,Spring,False,2.3870862591535356,False,False
2488650D71024AF7,electric_bike,2026-04-01 06:54:00,2026-04-01 07:01:00,,,State St & Kinzie St,CHI00288,41.88,-87.64,41.88937547,-87.62707651,member,7.0,4,6,4,Spring,False,1.4937868204137563,False,False
87C5C22B8C1C0302,electric_bike,2026-04-01 06:45:00,2026-04-01 07:02:00,Southport Ave & Wrightwood Ave,CHI00339,Clinton St & Jackson Blvd,CHI01091,41.928773,-87.663913,41.87831661,-87.64098108,member,17.0,4,6,4,Spring,False,5.922785350256687,False,False
00079E96809D8232,electric_bike,2026-04-01 06:54:00,2026-04-01 07:02:00,Leavitt St & Lawrence Ave,CHI00472,Leavitt St & Addison St,CHI00529,41.968885,-87.684001,41.946655,-87.683359,member,8.0,4,6,4,Spring,False,2.4724331977211316,False,False
BB50E9BBE01E2AA4,classic_bike,2026-04-01 06:53:00,2026-04-01 07:02:00,Canal St & Madison St,CHI00498,Larrabee St & Kingsbury St 2,CHI02169,41.882409,-87.639767,41.89758,-87.6429,member,9.0,4,6,4,Spring,False,1.7067564020691748,False,False
E95819048BDB54CB,classic_bike,2026-04-01 06:58:00,2026-04-01 07:02:00,Southport Ave & Wellington Ave,CHI00236,Sheffield Ave & Wellington Ave,CHI00274,41.93577462,-87.66360015,41.93625348,-87.6526621,member,4.0,4,6,4,Spring,False,0.9063278808441393,False,False
3F92AF04DFD73400,electric_bike,2026-04-01 06:53:00,2026-04-01 07:02:00,Milwaukee Ave & Grand Ave,CHI01750,New St & Illinois St,CHI00279,41.891578,-87.648384,41.89084704,-87.61861682,casual,9.0,4,6,4,Spring,False,2.465320187252131,False,False
23163F5312CECA52,electric_bike,2026-04-01 06:58:00,2026-04-01 07:02:00,Kingsbury St & Erie St,CHI02028,Clinton St & Washington Blvd 2,CHI02196,41.8939139,-87.6417358,41.88338,-87.64117,member,4.0,4,6,4,Spring,False,1.1722522512189717,False,False
9007D9C78FF55C3C,classic_bike,2026-04-01 06:58:00,2026-04-01 07:02:00,Wilton Ave & Belmont Ave,CHI00353,Wilton Ave & Diversey Pkwy,CHI02052,41.94023192,-87.65294373,41.932418,-87.652705,member,4.0,4,6,4,Spring,False,0.8690926282390343,False,False
CC1B91FF44BA4066,electric_bike,2026-04-01 06:59:00,2026-04-01 07:03:00,Wilton Ave & Belmont Ave,CHI00353,,,41.94007933,-87.65297985,41.93,-87.65,member,4.0,4,6,4,Spring,False,1.147555011754984,False,False
484E9DEF2B03AA18,electric_bike,2026-04-01 06:55:00,2026-04-01 07:03:00,New St & Illinois St,CHI00279,,,41.89084704,-87.61861682,41.88,-87.64,member,8.0,4,6,4,Spring,False,2.1420107121869654,False,False
973D22A928CE826F,electric_bike,2026-04-01 07:02:00,2026-04-01 07:03:00,Sedgwick St & Webster Ave,CHI00487,Sedgwick St & Webster Ave,CHI00487,41.922167,-87.638888,41.922167,-87.638888,member,1.0,4,7,4,Spring,False,0.0,True,False
349E063C445C155F,electric_bike,2026-04-01 06:55:00,2026-04-01 07:03:00,Clinton St & Washington Blvd 2,CHI02196,Paulina St & Adams St,CHI02136,41.88338,-87.64117,41.87862,-87.66913,member,8.0,4,6,4,Spring,False,2.3745024694622874,False,False
3235424D635D3A78,electric_bike,2026-04-01 06:56:00,2026-04-01 07:03:00,Wells St & Walton St,CHI00260,Wells St & Madison St,CHI02102,41.89993001,-87.63443007,41.88199,-87.63418,member,7.0,4,6,4,Spring,False,1.9949454890173153,False,False
73565C3EC98D057C,electric_bike,2026-04-01 06:58:00,2026-04-01 07:03:00,Wilton Ave & Diversey Pkwy,CHI02052,,,41.932418,-87.652705,41.95,-87.66,casual,5.0,4,6,4,Spring,False,2.0460195352486665,False,False
96997FF5E5B46DED,electric_bike,2026-04-01 07:00:00,2026-04-01 07:03:00,,,,,41.94,-87.65,41.93,-87.65,member,3.0,4,7,4,Spring,False,1.1119492664455182,False,False
DADAB919F267F664,electric_bike,2026-04-01 07:01:00,2026-04-01 07:03:00,,,,,41.87,-87.62,41.87,-87.63,member,2.0,4,7,4,Spring,False,0.8280253862155766,False,False
5AF624DD32DAD8CD,classic_bike,2026-04-01 06:51:00,2026-04-01 07:03:00,Michigan Ave & 18Th St,CHI00243,Franklin St & Jackson Blvd,CHI02050,41.857926,-87.624336,41.87770796,-87.63532114,member,12.0,4,6,4,Spring,False,2.3803151000448985,False,False
E14748F40C8E01FF,electric_bike,2026-04-01 06:50:00,2026-04-01 07:04:00,Hampden Ct & Diversey Pkwy,CHI02087,Seeley Ave & Roscoe St,CHI00475,41.93247,-87.64242,41.943403,-87.679618,member,14.0,4,6,4,Spring,False,3.3082762684911406,False,False
7EBFB00AB6277639,classic_bike,2026-04-01 06:58:00,2026-04-01 07:04:00,Sheridan Rd & Montrose Ave,CHI00290,Pine Grove Ave & Irving Park Rd,CHI00482,41.96167,-87.65464,41.9543646,-87.6479285,member,6.0,4,6,4,Spring,False,0.9837955631879829,False,False
105786B43037BD1B,electric_bike,2026-04-01 06:50:00,2026-04-01 07:04:00,Halsted St & Dickens Ave,CHI00291,Franklin St & Adams St,CHI00453,41.919936,-87.64883,41.87943409,-87.63550401,member,14.0,4,6,4,Spring,False,4.636689839947606,False,False
B526AE483D9E1129,classic_bike,2026-04-01 06:59:00,2026-04-01 07:04:00,Southport Ave & Irving Park Rd,CHI00481,Southport Ave & Roscoe St,CHI00234,41.954177,-87.664358,41.943739,-87.66402,member,5.0,4,6,4,Spring,False,1.1609891955056835,False,False
186EF497A0FAC55A,classic_bike,2026-04-01 06:54:00,2026-04-01 07:04:00,Dearborn St & Division St,CHI02125,Canal St & Lake St,CHI02184,41.9043,-87.62991,41.88597,-87.63999,member,10.0,4,6,4,Spring,False,2.202354091948867,False,False
2700F0148FEB7C8C,classic_bike,2026-04-01 06:55:00,2026-04-01 07:05:00,New St & Illinois St,CHI00279,Michigan Ave & Pearson St,CHI01751,41.89084704,-87.61861682,41.89766,-87.62351,member,10.0,4,6,4,Spring,False,0.8590363473396337,False,False
EE4197B0D54948D3,classic_bike,2026-04-01 07:01:00,2026-04-01 07:05:00,Peoria St & Jackson Blvd,CHI00402,Morgan St & Lake St,CHI00878,41.8776416,-87.64961779,41.88549171,-87.65228927,member,4.0,4,7,4,Spring,False,0.9004750077999892,False,False
29E98361089299B8,electric_bike,2026-04-01 07:01:00,2026-04-01 07:05:00,Riverside Plaza & Adams St,CHI02193,Wabash Ave & Jackson Blvd,CHI02168,41.87926,-87.63879,41.87801,-87.62599,member,4.0,4,7,4,Spring,False,1.0688056202253393,False,False
AD5C5828AAB81C42,classic_bike,2026-04-01 06:57:00,2026-04-01 07:05:00,Artesian Ave & Hubbard St,CHI00647,Damen Ave & Madison St,CHI00317,41.8895,-87.688257,41.88137,-87.67493,casual,8.0,4,6,4,Spring,False,1.4263196193809058,False,False
E9CB8A85A8A5F77A,classic_bike,2026-04-01 07:03:00,2026-04-01 07:05:00,Clinton St & Tilden St,CHI01542,Canal St & Adams St,CHI01743,41.875885,-87.640795,41.879255,-87.639904,member,2.0,4,7,4,Spring,False,0.381918862298391,False,False
1207F1A7F7C7540D,electric_bike,2026-04-01 06:56:00,2026-04-01 07:05:00,,,Pine Grove Ave & Waveland Ave,CHI00354,41.94,-87.67,41.94947274,-87.64645278,member,9.0,4,6,4,Spring,False,2.2140901818957066,False,False
6711037623CCFC49,electric_bike,2026-04-01 07:03:00,2026-04-01 07:05:00,,,Wilton Ave & Diversey Pkwy,CHI02052,41.93,-87.65,41.932418,-87.652705,member,2.0,4,7,4,Spring,False,0.3498028916054814,False,False
A08ED70410DE4A96,electric_bike,2026-04-01 06:53:00,2026-04-01 07:05:00,,,Wacker Dr & Washington St,CHI01787,41.91,-87.65,41.88314336,-87.63724208,member,12.0,4,6,4,Spring,False,3.167514461219588,False,False
32C9F5936DDD0870,electric_bike,2026-04-01 06:56:00,2026-04-01 07:05:00,,,Pine Grove Ave & Waveland Ave,CHI00354,41.94,-87.67,41.94947274,-87.64645278,member,9.0,4,6,4,Spring,False,2.2140901818957066,False,False
895F91B9AEA82CFB,electric_bike,2026-04-01 07:00:00,2026-04-01 07:05:00,Clinton St & Jackson Blvd,CHI01091,Daley Center Plaza,CHI00253,41.87831661,-87.64098108,41.884241,-87.629634,member,5.0,4,7,4,Spring,False,1.147363149519319,False,False
A7CBBFE18B40D7E8,electric_bike,2026-04-01 06:59:00,2026-04-01 07:06:00,Greenview Ave & Fullerton Ave,CHI00232,Sheffield Ave & Fullerton Ave,CHI00225,41.92533,-87.6658,41.9256163,-87.6536574,member,7.0,4,6,4,Spring,False,1.0050694308078967,False,False
C64037565FBBBE55,electric_bike,2026-04-01 07:00:00,2026-04-01 07:06:00,Clinton St & Lake St,CHI01746,Sedgwick St & Huron St,CHI00241,41.885637,-87.641823,41.894666,-87.638437,member,6.0,4,7,4,Spring,False,1.0423680988180652,False,False
0D92EEF5ECEEE038,electric_bike,2026-04-01 07:01:00,2026-04-01 07:06:00,,,Clark St & Elm St,CHI00281,41.89,-87.64,41.90297,-87.6313,member,5.0,4,7,4,Spring,False,1.6119726873728717,False,False
6680A791FBC3FB1F,electric_bike,2026-04-01 07:03:00,2026-04-01 07:06:00,Riverside Plaza & Adams St,CHI02193,Lasalle St & Jackson Blvd,CHI00447,41.87926,-87.63879,41.878166,-87.631929,member,3.0,4,7,4,Spring,False,0.5809105069590689,False,False
5805618D447C91CA,electric_bike,2026-04-01 07:04:00,2026-04-01 07:06:00,Clinton St & Washington Blvd 2,CHI02196,Clinton St & Jackson Blvd,CHI01091,41.88338,-87.64117,41.87831661,-87.64098108,member,2.0,4,7,4,Spring,False,0.5632404775304274,False,False
B3253B5A0975EA70,classic_bike,2026-04-01 07:05:00,2026-04-01 07:06:00,Sheffield Ave & Wrightwood Ave,CHI00465,Sheffield Ave & Fullerton Ave,CHI00225,41.928712,-87.653833,41.9256163,-87.6536574,member,1.0,4,7,4,Spring,False,0.3445325365124764,False,False
0852DC429CFB0B18,electric_bike,2026-04-01 07:05:00,2026-04-01 07:06:00,,,Clinton St & Washington Blvd 2,CHI02196,41.88,-87.64,41.88338,-87.64117,member,1.0,4,7,4,Spring,False,0.38811975574890434,False,False
1660874326F16559,electric_bike,2026-04-01 06:58:00,2026-04-01 07:06:00,,,Clinton St & Washington Blvd,CHI00509,41.9,-87.63,41.88281,-87.6412,member,8.0,4,6,4,Spring,False,2.1244008983933016,False,False
F0CF00AE90AF8E1D,electric_bike,2026-04-01 06:56:00,2026-04-01 07:06:00,Rush St & Cedar St,CHI00537,Clinton St & Washington Blvd,CHI00509,41.90236259,-87.6276964,41.88281,-87.6412,member,10.0,4,6,4,Spring,False,2.4446389245869167,False,False
E94CBFBB08BACAC9,electric_bike,2026-04-01 07:01:00,2026-04-01 07:06:00,Halsted St & Fulton St,CHI02118,Lasalle St & Jackson Blvd,CHI00447,41.88672,-87.64729,41.878166,-87.631929,member,5.0,4,7,4,Spring,False,1.588043946088065,False,False
F03945F1DF323725,classic_bike,2026-04-01 06:56:00,2026-04-01 07:06:00,Clark St & Chicago Ave,CHI00351,Clinton St & Washington Blvd 2,CHI02196,41.89675,-87.63089,41.88338,-87.64117,member,10.0,4,6,4,Spring,False,1.7129827130563857,False,False
D0FADEAF98324B98,electric_bike,2026-04-01 07:02:00,2026-04-01 07:07:00,Clinton St & Jackson Blvd,CHI01091,Halsted St & Polk St,CHI00359,41.87831661,-87.64098108,41.87184,-87.64664,member,5.0,4,7,4,Spring,False,0.8591653124200271,False,False
606D810575F4913B,electric_bike,2026-04-01 06:59:00,2026-04-01 07:07:00,Eckhart Park,CHI00349,Wacker Dr & Washington St,CHI01787,41.89637337,-87.66098386,41.88314336,-87.63724208,member,8.0,4,6,4,Spring,False,2.4548845583183705,False,False
58FCECEC862F0723,electric_bike,2026-04-01 07:06:00,2026-04-01 07:07:00,Wells St & Institute Pl,CHI01928,Franklin St & Chicago Ave,CHI01745,41.89737986,-87.63442039,41.89679,-87.63564,member,1.0,4,7,4,Spring,False,0.1203813383760255,False,False
7936157E6945FA83,electric_bike,2026-04-01 07:05:00,2026-04-01 07:07:00,,,,,41.89,-87.65,41.89,-87.65,member,2.0,4,7,4,Spring,False,0.0,True,False
FB604CA4B1E9170B,electric_bike,2026-04-01 07:03:00,2026-04-01 07:08:00,Canal St & Lake St,CHI02184,Dearborn St & Adams St 1,CHI00438,41.88597,-87.63999,41.87935636,-87.62979104,member,5.0,4,7,4,Spring,False,1.1196942438767983,False,False
B53686DE7E1774F6,classic_bike,2026-04-01 07:06:00,2026-04-01 07:08:00,Wood St & Chicago Ave,CHI01183,Ashland Ave & Chicago Ave,CHI00338,41.895634,-87.672069,41.89595436,-87.66772807,member,2.0,4,7,4,Spring,False,0.36105652878779604,False,False
CF0C0D09378FFE8B,electric_bike,2026-04-01 07:02:00,2026-04-01 07:08:00,Clinton St & Washington Blvd 2,CHI02196,Larrabee St & Kingsbury St 2,CHI02169,41.88338,-87.64117,41.89758,-87.6429,member,6.0,4,7,4,Spring,False,1.585448443196321,False,False
BD06073D40DC8B88,electric_bike,2026-04-01 07:02:00,2026-04-01 07:08:00,Clinton St & Washington Blvd 2,CHI02196,Rush St & Illinois St,CHI02141,41.88338,-87.64117,41.89087,-87.62584,member,6.0,4,7,4,Spring,False,1.5179123801694063,False,False
39D5A32371BC4C68,electric_bike,2026-04-01 07:03:00,2026-04-01 07:08:00,Sheffield Ave & Webster Ave,CHI00507,Elston Ave & Cortland St,CHI00259,41.92154,-87.653818,41.91643343,-87.66674638,casual,5.0,4,7,4,Spring,False,1.2110509158838332,False,False
FCA429B2881770C1,electric_bike,2026-04-01 07:03:00,2026-04-01 07:08:00,Artesian Ave & Hubbard St,CHI00647,Damen Ave & Lake St,CHI00619,41.8895,-87.688257,41.8849659,-87.6768354,member,5.0,4,7,4,Spring,False,1.0715052078766027,False,False
5DA67459B2C34EA7,classic_bike,2026-04-01 07:00:00,2026-04-01 07:08:00,Broadway & Oakdale Ave,CHI02088,Cannon Dr & Fullerton Ave,CHI00314,41.93558,-87.64405,41.92675599,-87.63442878,member,8.0,4,7,4,Spring,False,1.263399774428159,False,False
E2778785B4E77820,electric_bike,2026-04-01 07:06:00,2026-04-01 07:08:00,Aberdeen St & Monroe St,CHI00321,Racine Ave & Randolph St,CHI00320,41.88014,-87.6547,41.88408122,-87.65692073,casual,2.0,4,7,4,Spring,False,0.47524448564592886,False,False
B8028261B59388F3,electric_bike,2026-04-01 07:02:00,2026-04-01 07:08:00,,,Franklin St & Monroe St,CHI00449,41.89,-87.63,41.880317,-87.635185,member,6.0,4,7,4,Spring,False,1.1591038508577607,False,False
6345FE7B881138DD,electric_bike,2026-04-01 07:02:00,2026-04-01 07:08:00,Clark St & 9Th St (Amli),CHI01776,,,41.870816,-87.631246,41.88,-87.63,member,6.0,4,7,4,Spring,False,1.0264117633825622,False,False
EE5F6C8BC2231602,electric_bike,2026-04-01 06:56:00,2026-04-01 07:08:00,Federal St & Polk St,CHI01775,Ada St & Washington Blvd,CHI00278,41.87207763,-87.62954377,41.88283,-87.661206,member,12.0,4,6,4,Spring,False,2.8811901978375323,False,False
B19D4F64D64A0B3F,electric_bike,2026-04-01 07:03:00,2026-04-01 07:09:00,Lasalle St & Jackson Blvd,CHI00447,Wabash Ave & Grand Ave,CHI00313,41.878166,-87.631929,41.891466,-87.626761,member,6.0,4,7,4,Spring,False,1.5395313404358661,False,False
6411ECDB6DABEC92,electric_bike,2026-04-01 07:02:00,2026-04-01 07:09:00,Clinton St & Jackson Blvd,CHI01091,State St & Kinzie St,CHI00288,41.87831661,-87.64098108,41.88937547,-87.62707651,member,7.0,4,7,4,Spring,False,1.684378329443164,False,False
3539A5C4F02F8C23,electric_bike,2026-04-01 07:06:00,2026-04-01 07:09:00,,,Harper Ave & 59Th St,CHI00584,41.78,-87.6,41.78794281,-87.58831517,member,3.0,4,7,4,Spring,False,1.3109855083270043,False,False
1BC0968D0D29F628,classic_bike,2026-04-01 07:02:00,2026-04-01 07:09:00,Larrabee St & Oak St,CHI00701,Kingsbury St & Kinzie St 2,CHI02181,41.900381,-87.642002,41.889188,-87.638387,member,7.0,4,7,4,Spring,False,1.2800667226259754,False,False
1849DBB5944E879B,electric_bike,2026-04-01 07:08:00,2026-04-01 07:09:00,,,,,41.98,-87.66,41.98,-87.66,casual,1.0,4,7,4,Spring,False,0.0,True,False
FCD89BC1F9935397,electric_bike,2026-04-01 07:03:00,2026-04-01 07:10:00,Clark St & Elm St,CHI00281,Clinton St & Lake St,CHI01746,41.90297,-87.6313,41.885637,-87.641823,member,7.0,4,7,4,Spring,False,2.1150145286010416,False,False
74F94DE29B2A6A74,electric_bike,2026-04-01 07:07:00,2026-04-01 07:10:00,Clinton St & Washington Blvd 2,CHI02196,Green St & Washington Blvd,CHI00379,41.88338,-87.64117,41.88318131,-87.64872462,member,3.0,4,7,4,Spring,False,0.6258018511173454,False,False
68A96DD455F8E34F,electric_bike,2026-04-01 07:06:00,2026-04-01 07:10:00,Aberdeen St & Carroll Ave,CHI02056,,,41.88819,-87.65459,41.88,-87.65,member,4.0,4,7,4,Spring,False,0.9867798569049941,False,False
B982A8A89453BF0C,classic_bike,2026-04-01 07:08:00,2026-04-01 07:10:00,Michigan Ave & 11Th St,CHI02025,Wabash Ave & 9Th St,CHI00448,41.86959,-87.623961,41.870769,-87.625734,member,2.0,4,7,4,Spring,False,0.19682386187073928,False,False
5C2A67682C67E1BF,electric_bike,2026-04-01 07:03:00,2026-04-01 07:10:00,Lake Park Ave & 53Rd St,CHI00559,University Ave & 57Th St,CHI00551,41.79949429,-87.5864499,41.791478,-87.599861,member,7.0,4,7,4,Spring,False,1.4249796000885315,False,False
36152EB193F8569E,electric_bike,2026-04-01 07:04:00,2026-04-01 07:10:00,Ada St & Washington Blvd,CHI00278,Paulina St & Flournoy St,CHI00627,41.88283,-87.661206,41.87306109,-87.66913489,member,6.0,4,7,4,Spring,False,1.269201907283739,False,False
D7CC8BB1140D889E,electric_bike,2026-04-01 07:08:00,2026-04-01 07:10:00,Aberdeen St & Randolph St,CHI00715,Green St & Madison St,CHI00347,41.884114,-87.654264,41.88185933,-87.64926374,member,2.0,4,7,4,Spring,False,0.48395156468654765,False,False
0CD05546E55F90F5,classic_bike,2026-04-01 07:07:00,2026-04-01 07:10:00,Hampden Ct & Diversey Pkwy,CHI02087,Wilton Ave & Diversey Pkwy,CHI02052,41.93247,-87.64242,41.932418,-87.652705,member,3.0,4,7,4,Spring,False,0.8508113516245477,False,False
98602AC81D66C6C8,electric_bike,2026-04-01 07:08:00,2026-04-01 07:10:00,Loomis St & Archer Ave,CHI00292,Halsted St & Archer Ave,CHI00426,41.84163254,-87.65743495,41.847203,-87.646795,casual,2.0,4,7,4,Spring,False,1.0772526715058879,False,False
1FA7439B918B036A,electric_bike,2026-04-01 07:02:00,2026-04-01 07:11:00,Wood St & Chicago Ave,CHI01183,Wells St & Hubbard St,CHI00332,41.895634,-87.672069,41.889906,-87.634266,member,9.0,4,7,4,Spring,False,3.1932344734348352,False,False
CF45CDE4AE55AB3F,electric_bike,2026-04-01 07:08:00,2026-04-01 07:11:00,Morgan St & Lake St,CHI00878,Clinton St & Washington Blvd,CHI00509,41.88549171,-87.65228927,41.88281,-87.6412,member,3.0,4,7,4,Spring,False,0.9652320611752703,False,False
3E099AE7ED19CDFA,classic_bike,2026-04-01 07:08:00,2026-04-01 07:11:00,Aberdeen St & Randolph St,CHI00715,Green St & Madison St,CHI00347,41.884114,-87.654264,41.88185933,-87.64926374,member,3.0,4,7,4,Spring,False,0.48395156468654765,False,False
1498DA0F0EE67F4B,classic_bike,2026-04-01 07:03:00,2026-04-01 07:11:00,900 W Harrison St,CHI01748,Hermitage Ave & Polk St,CHI00283,41.874754,-87.649807,41.871514,-87.669886,member,8.0,4,7,4,Spring,False,1.7010988445202977,False,False
9F54879E7AC33895,electric_bike,2026-04-01 07:04:00,2026-04-01 07:11:00,Michigan Ave & 14Th St,CHI00342,,,41.864059,-87.623727,41.85,-87.62,member,7.0,4,7,4,Spring,False,1.5934709623589791,False,False
1945E9319FAE81EB,electric_bike,2026-04-01 07:05:00,2026-04-01 07:11:00,New St & Illinois St,CHI00279,Wells St & Randolph St,CHI00266,41.89084704,-87.61861682,41.884295,-87.633963,member,6.0,4,7,4,Spring,False,1.4644411609810204,False,False
4DAE6CC8C1D2CFB6,electric_bike,2026-04-01 06:56:00,2026-04-01 07:11:00,Fairbanks Ct & Grand Ave,CHI00605,Elizabeth St & Fulton St,CHI00280,41.89184737,-87.6205802,41.88672,-87.65957,member,15.0,4,6,4,Spring,False,3.277451128300201,False,False
E6031097812F82B1,electric_bike,2026-04-01 06:58:00,2026-04-01 07:11:00,,,Kingsbury St & Kinzie St 2,CHI02181,41.92,-87.64,41.889188,-87.638387,member,13.0,4,6,4,Spring,False,3.4287375573972256,False,False
2CC42420CF829797,electric_bike,2026-04-01 06:55:00,2026-04-01 07:11:00,Wells St & Madison St,CHI02102,Franklin St & Madison St,CHI02142,41.88199,-87.63418,41.88139,-87.63542,member,16.0,4,6,4,Spring,False,0.12243154166540442,False,False
2269F91ABA932BCF,electric_bike,2026-04-01 07:06:00,2026-04-01 07:12:00,Clinton St & Lake St,CHI01746,State St & Kinzie St,CHI00288,41.885637,-87.641823,41.88937547,-87.62707651,member,6.0,4,7,4,Spring,False,1.2895519488642293,False,False
48187ED33E82FABC,electric_bike,2026-04-01 06:58:00,2026-04-01 07:12:00,Ashland Ave & Augusta Blvd,CHI02012,Larrabee St & Webster Ave,CHI00454,41.89962,-87.66841,41.921822,-87.64414,casual,14.0,4,6,4,Spring,False,3.1824742685531047,False,False
8D0360139D949EA3,electric_bike,2026-04-01 07:11:00,2026-04-01 07:12:00,Wells St & Institute Pl,CHI01928,Franklin St & Chicago Ave,CHI01745,41.89737986,-87.63442039,41.89679,-87.63564,member,1.0,4,7,4,Spring,False,0.1203813383760255,False,False
D00F5039D33E0E0C,classic_bike,2026-04-01 06:58:00,2026-04-01 07:12:00,Clinton St & Madison St,CHI00233,Wentworth Ave & Cermak Rd*,CHI02021,41.88166,-87.64115,41.85321442,-87.6318723,member,14.0,4,6,4,Spring,False,3.254965477911608,False,False
962D575B619F8308,electric_bike,2026-04-01 07:07:00,2026-04-01 07:12:00,Desplaines St & Kinzie St,CHI00517,Franklin St & Monroe St,CHI00449,41.88871604,-87.64444785,41.880317,-87.635185,member,5.0,4,7,4,Spring,False,1.2083993801076252,False,False
C7ACBA2FDB91D378,electric_bike,2026-04-01 07:08:00,2026-04-01 07:12:00,Clinton St & Jackson Blvd,CHI01091,Morgan St & Polk St,CHI00372,41.87831661,-87.64098108,41.871737,-87.65103,member,4.0,4,7,4,Spring,False,1.1079298040000656,False,False
123EF7BC94153DCD,electric_bike,2026-04-01 07:06:00,2026-04-01 07:13:00,Clark St & Arlington Pl,CHI02109,Clark St & Lincoln Ave,CHI00413,41.92694,-87.64148,41.915689,-87.6346,member,7.0,4,7,4,Spring,False,1.3744643659867495,False,False
7F7C312BB18545DB,electric_bike,2026-04-01 07:03:00,2026-04-01 07:13:00,Noble St & Ohio St,CHI02103,Clinton St & Washington Blvd,CHI00509,41.89242,-87.66206,41.88281,-87.6412,member,10.0,4,7,4,Spring,False,2.030678764590253,False,False
607EDED4AE3241F1,electric_bike,2026-04-01 07:06:00,2026-04-01 07:13:00,,,Lasalle St & Jackson Blvd,CHI00447,41.89,-87.64,41.878166,-87.631929,member,7.0,4,7,4,Spring,False,1.47579447092897,False,False
F981434C28885233,electric_bike,2026-04-01 06:56:00,2026-04-01 07:13:00,Pine Grove Ave & Waveland Ave,CHI00354,,,41.94947274,-87.64645278,41.89,-87.62,casual,17.0,4,6,4,Spring,False,6.965834627745179,False,False
737704F31E96A091,electric_bike,2026-04-01 07:07:00,2026-04-01 07:13:00,Dearborn Pkwy & Delaware Pl,CHI00306,Clinton St & Lake St,CHI01746,41.898969,-87.629912,41.885637,-87.641823,member,6.0,4,7,4,Spring,False,1.7803629691110137,False,False
46128D863F25FE8C,electric_bike,2026-04-01 07:12:00,2026-04-01 07:13:00,Milwaukee Ave & Wabansia Ave,CHI00005,,,41.912616,-87.681469,41.91,-87.68,member,1.0,4,7,4,Spring,False,0.31526344930640293,False,False
4C733F60F87C4C50,electric_bike,2026-04-01 07:06:00,2026-04-01 07:13:00,Lasalle Dr & Huron St,CHI00640,Wells St & Madison St,CHI02102,41.894877,-87.632326,41.88199,-87.63418,member,7.0,4,7,4,Spring,False,1.4411640268573462,False,False
75D0509AB8A8AF5B,electric_bike,2026-04-01 07:05:00,2026-04-01 07:14:00,Noble St & Ohio St,CHI02103,Jefferson St & Monroe St,CHI00513,41.89242,-87.66206,41.88032963,-87.64274597,member,9.0,4,7,4,Spring,False,2.088940170203393,False,False
7E9269CA93290B6E,electric_bike,2026-04-01 07:04:00,2026-04-01 07:14:00,Clark St & 9Th St (Amli),CHI01776,Paulina St & Flournoy St,CHI00627,41.870816,-87.631246,41.87306109,-87.66913489,member,10.0,4,7,4,Spring,False,3.147118086213844,False,False
046995A65661E6A1,classic_bike,2026-04-01 07:08:00,2026-04-01 07:14:00,Milwaukee Ave & Grand Ave,CHI01750,Larrabee St & Kingsbury St 2,CHI02169,41.891578,-87.648384,41.89758,-87.6429,member,6.0,4,7,4,Spring,False,0.8071247558583008,False,False
89B21C8DC4620D31,electric_bike,2026-04-01 07:12:00,2026-04-01 07:14:00,,,Sangamon St & Lake St,CHI00242,41.88,-87.65,41.88577925,-87.65102461,member,2.0,4,7,4,Spring,False,0.6481972346296717,False,False
3F06BC243E691688,electric_bike,2026-04-01 07:03:00,2026-04-01 07:14:00,Clark St & Schiller St,CHI00462,Franklin St & Adams St,CHI00453,41.907993,-87.631501,41.87943409,-87.63550401,member,11.0,4,7,4,Spring,False,3.1928446019599286,False,False
2D6E340BA84410CC,electric_bike,2026-04-01 07:03:00,2026-04-01 07:14:00,Clark St & Armitage Ave,CHI00474,Canal St & Madison St,CHI00498,41.918306,-87.636282,41.882409,-87.639767,member,11.0,4,7,4,Spring,False,4.001971656179891,False,False
BFFB3B5A9D9BA2F1,classic_bike,2026-04-01 07:10:00,2026-04-01 07:15:00,Shore Dr & 55Th St,CHI00394,Woodlawn Ave & 55Th St,CHI00423,41.795212,-87.580715,41.795264,-87.596471,member,5.0,4,7,4,Spring,False,1.3061743042891267,False,False
34045CDD7B8AAAA7,electric_bike,2026-04-01 07:11:00,2026-04-01 07:15:00,Wells St & Polk St,CHI00606,Wacker Dr & Randolph St,CHI02140,41.87273154,-87.63351649,41.88454,-87.63732,member,4.0,4,7,4,Spring,False,1.3502728754956712,False,False
1FC1A1CFA25B9347,classic_bike,2026-04-01 07:04:00,2026-04-01 07:15:00,Clinton St & Washington Blvd 2,CHI02196,Loomis St & Jackson Blvd,CHI00230,41.88338,-87.64117,41.877945,-87.662007,member,11.0,4,7,4,Spring,False,1.8278660016873416,False,False
14286F55259F912C,electric_bike,2026-04-01 07:12:00,2026-04-01 07:15:00,Wells St & Hubbard St,CHI00332,Franklin St & Chicago Ave,CHI01745,41.889906,-87.634266,41.89679,-87.63564,member,3.0,4,7,4,Spring,False,0.7738684123102637,False,False
CB7361AF4498E7BE,classic_bike,2026-04-01 07:08:00,2026-04-01 07:15:00,Loomis St & Lexington St,CHI00238,Halsted St & Polk St,CHI00359,41.87222873,-87.66136386,41.87184,-87.64664,member,7.0,4,7,4,Spring,False,1.2199002193166115,False,False
DF5A1C14F413FA54,electric_bike,2026-04-01 07:08:00,2026-04-01 07:15:00,Sheridan Rd & Irving Park Rd,CHI00304,,,41.954245,-87.654406,41.94,-87.67,member,7.0,4,7,4,Spring,False,2.0425961770833054,False,False
0FFE51C7D6B5FD08,classic_bike,2026-04-01 07:03:00,2026-04-01 07:15:00,Ashland Ave & Chicago Ave,CHI00338,Clinton St & Madison St,CHI00233,41.89595436,-87.66772807,41.88166,-87.64115,member,12.0,4,7,4,Spring,False,2.714176466887277,False,False
EFAAE076E34B2B10,electric_bike,2026-04-01 07:05:00,2026-04-01 07:15:00,,,Daley Center Plaza,CHI00253,41.89,-87.66,41.884241,-87.629634,member,10.0,4,7,4,Spring,False,2.593994107040054,False,False
1C86A1672A40868C,electric_bike,2026-04-01 07:14:00,2026-04-01 07:15:00,Wells St & Institute Pl,CHI01928,Wells St & Huron St,CHI00294,41.89737986,-87.63442039,41.8947953,-87.6343743,member,1.0,4,7,4,Spring,False,0.287415277374163,False,False
05CE28444B1F5024,electric_bike,2026-04-01 07:09:00,2026-04-01 07:15:00,,,Ravenswood Ave & Lawrence Ave,CHI00508,41.95,-87.68,41.968445,-87.674226,member,6.0,4,7,4,Spring,False,2.105826417090182,False,False
458CC49D1DB93D4A,electric_bike,2026-04-01 07:12:00,2026-04-01 07:15:00,,,,,41.93,-87.65,41.94,-87.65,member,3.0,4,7,4,Spring,False,1.1119492664455182,False,False
28A9D42363F7DDBA,electric_bike,2026-04-01 07:11:00,2026-04-01 07:16:00,Clark St & Wrightwood Ave,CHI00287,Sheffield Ave & Fullerton Ave,CHI00225,41.929546,-87.643118,41.9256163,-87.6536574,member,5.0,4,7,4,Spring,False,0.9752694242509123,False,False
9DA217D19A5A973C,electric_bike,2026-04-01 07:12:00,2026-04-01 07:16:00,Halsted St & Fulton St,CHI02118,Desplaines St & Jackson Blvd,CHI00518,41.88672,-87.64729,41.8781189,-87.6439476,member,4.0,4,7,4,Spring,False,0.9956225870853855,False,False
1E9F64B93914BCFA,electric_bike,2026-04-01 07:13:00,2026-04-01 07:16:00,Dearborn Pkwy & Delaware Pl,CHI00306,Mies Van Der Rohe Way & Chicago Ave,CHI00470,41.89902592,-87.62996078,41.89694463,-87.62175769,member,3.0,4,7,4,Spring,False,0.7172989720795269,False,False
F2537F8D50A8324D,electric_bike,2026-04-01 07:12:00,2026-04-01 07:16:00,Wells St & Evergreen Ave,CHI00393,Larrabee St & Oak St,CHI00701,41.906724,-87.63483,41.900381,-87.642002,member,4.0,4,7,4,Spring,False,0.9218246074670777,False,False
2B090D55ED8B188E,electric_bike,2026-04-01 07:08:00,2026-04-01 07:16:00,Ritchie Ct & Banks St,CHI00544,Larrabee St & Kingsbury St 1,CHI00245,41.906866,-87.626217,41.897764,-87.642884,member,8.0,4,7,4,Spring,False,1.710849488913325,False,False
2A7043B8E1963C70,classic_bike,2026-04-01 07:13:00,2026-04-01 07:16:00,Ellis Ave & 60Th St,CHI00765,Woodlawn Ave & 58Th St,CHI01996,41.78509715,-87.60107276,41.789381,-87.596479,member,3.0,4,7,4,Spring,False,0.6098866945421276,False,False
4F2FE19BA4D8F14D,classic_bike,2026-04-01 07:09:00,2026-04-01 07:16:00,Wacker Dr & Randolph St,CHI02140,Aberdeen St & Jackson Blvd,CHI00406,41.88454,-87.63732,41.87772613,-87.65478743,member,7.0,4,7,4,Spring,False,1.6325602589553123,False,False
37D3CA2E45E4DE80,electric_bike,2026-04-01 07:13:00,2026-04-01 07:17:00,Desplaines St & Kinzie St,CHI00517,,,41.88871604,-87.64444785,41.88,-87.64,member,4.0,4,7,4,Spring,False,1.0367679412007587,False,False
418DC6A5215161CB,classic_bike,2026-04-01 07:07:00,2026-04-01 07:17:00,Kedzie Ave & Palmer Ct,CHI00442,Keystone Ave & Fullerton Ave,CHI00663,41.921525,-87.707322,41.92459,-87.72785,member,10.0,4,7,4,Spring,False,1.7322171644713853,False,False
73F3125504A2CE81,electric_bike,2026-04-01 07:04:00,2026-04-01 07:17:00,Sedgwick St & Webster Ave,CHI00487,,,41.922167,-87.638888,41.88,-87.64,member,13.0,4,7,4,Spring,False,4.689659590305191,False,False
A045428D2530B796,electric_bike,2026-04-01 07:14:00,2026-04-01 07:17:00,Southport Ave & Wrightwood Ave,CHI00339,Sheffield Ave & Fullerton Ave,CHI00225,41.928773,-87.663913,41.9256163,-87.6536574,member,3.0,4,7,4,Spring,False,0.9181720738359251,False,False
69FF4F57F4048A15,electric_bike,2026-04-01 07:09:00,2026-04-01 07:17:00,Francisco Ave & Foster Ave,CHI00638,Ravenswood Ave & Lawrence Ave,CHI00508,41.97565734,-87.70143378,41.968445,-87.674226,casual,8.0,4,7,4,Spring,False,2.3879686777411426,False,False
106AD94E08EE9B63,electric_bike,2026-04-01 07:14:00,2026-04-01 07:17:00,Wacker Dr & Randolph St,CHI02140,N Carpenter St & W Lake St,CHI00808,41.88454,-87.63732,41.885586,-87.6531893,member,3.0,4,7,4,Spring,False,1.3188473764483626,False,False
F593F8CAE57A134F,electric_bike,2026-04-01 07:14:00,2026-04-01 07:17:00,Kingsbury St & Kinzie St 1,CHI00299,Clinton St & Jackson Blvd,CHI01091,41.88907,-87.63835,41.87831661,-87.64098108,member,3.0,4,7,4,Spring,False,1.2153990194997686,False,False
E7A7C8C6526B6C9D,electric_bike,2026-04-01 07:11:00,2026-04-01 07:17:00,Clark St & Elm St,CHI00281,St. Clair St & Erie St 1,CHI01744,41.90297,-87.6313,41.8944,-87.62286,member,6.0,4,7,4,Spring,False,1.1815470379163786,False,False
BFC8F49925DAB6D9,electric_bike,2026-04-01 07:09:00,2026-04-01 07:17:00,Michigan Ave & 14Th St,CHI00342,Clinton St & Jackson Blvd,CHI01091,41.864059,-87.623727,41.87831661,-87.64098108,member,8.0,4,7,4,Spring,False,2.134119417763361,False,False
15A3B371657C9BE5,classic_bike,2026-04-01 07:08:00,2026-04-01 07:18:00,Ashland Ave & Chicago Ave,CHI00338,Kingsbury St & Kinzie St 2,CHI02181,41.89595436,-87.66772807,41.889188,-87.638387,member,10.0,4,7,4,Spring,False,2.5425298522609427,False,False
3E78C852E9A3C06B,electric_bike,2026-04-01 07:11:00,2026-04-01 07:18:00,Noble St & Milwaukee Ave,CHI00457,Kingsbury St & Kinzie St 1,CHI00299,41.9007,-87.662607,41.88907,-87.63835,member,7.0,4,7,4,Spring,False,2.388190730921926,False,False
A14D8FEDC6EAFC67,electric_bike,2026-04-01 07:15:00,2026-04-01 07:18:00,Racine Ave & Belmont Ave,CHI00411,Lincoln Ave & Diversey Pkwy,CHI00285,41.939743,-87.658865,41.932225,-87.658617,member,3.0,4,7,4,Spring,False,0.8362151163145173,False,False
2B88DFC7F731B513,electric_bike,2026-04-01 07:15:00,2026-04-01 07:18:00,Woodlawn Ave & 55Th St,CHI00423,Ellis Ave & 58Th St,CHI00460,41.795264,-87.596471,41.788746,-87.601334,member,3.0,4,7,4,Spring,False,0.829353450643201,False,False
F9DB3980FE8F8D90,classic_bike,2026-04-01 07:10:00,2026-04-01 07:18:00,Wabash Ave & 9Th St,CHI00448,Franklin St & Monroe St,CHI00449,41.870769,-87.625734,41.880317,-87.635185,member,8.0,4,7,4,Spring,False,1.3188966768267685,False,False
735E19EF0AB5308D,electric_bike,2026-04-01 07:16:00,2026-04-01 07:18:00,,,Wilton Ave & Diversey Pkwy,CHI02052,41.93,-87.65,41.932418,-87.652705,member,2.0,4,7,4,Spring,False,0.3498028916054814,False,False
9E30057BBBCD4051,electric_bike,2026-04-01 07:15:00,2026-04-01 07:18:00,Green St & Madison St,CHI00347,Clinton St & Jackson Blvd,CHI01091,41.88185933,-87.64926374,41.87831661,-87.64098108,member,3.0,4,7,4,Spring,False,0.7908164493408192,False,False
9706FA9A2A74EED7,electric_bike,2026-04-01 07:12:00,2026-04-01 07:19:00,Clark St & Armitage Ave,CHI00474,Wells St & Institute Pl,CHI01928,41.918306,-87.636282,41.89737986,-87.63442039,member,7.0,4,7,4,Spring,False,2.3319747428444106,False,False
907DDA90D1D05652,electric_bike,2026-04-01 07:17:00,2026-04-01 07:19:00,,,,,41.99,-87.67,41.99,-87.67,member,2.0,4,7,4,Spring,False,0.0,True,False
7FE500E59C845486,electric_bike,2026-04-01 07:15:00,2026-04-01 07:19:00,,,University Ave & 57Th St,CHI00551,41.79,-87.59,41.791478,-87.599861,casual,4.0,4,7,4,Spring,False,0.833882961430771,False,False
0C8645BDAFA8D970,electric_bike,2026-04-01 07:15:00,2026-04-01 07:19:00,Wabash Ave & Roosevelt Rd,CHI00524,Clark St & Ida B Wells Dr,CHI00216,41.867227,-87.625961,41.87593267,-87.63058454,casual,4.0,4,7,4,Spring,False,1.040977838282199,False,False
E2BBC00B8DA6B50F,electric_bike,2026-04-01 07:10:00,2026-04-01 07:19:00,Artesian Ave & Hubbard St,CHI00647,Carpenter St & Fulton St,CHI02139,41.8895,-87.688257,41.88668,-87.65315,member,9.0,4,7,4,Spring,False,2.9229939825289555,False,False
5FD5780E005CC0FD,electric_bike,2026-04-01 07:16:00,2026-04-01 07:19:00,Leavitt St & Chicago Ave,CHI00713,Artesian Ave & Hubbard St,CHI00647,41.895501,-87.682017,41.8895,-87.688257,member,3.0,4,7,4,Spring,False,0.8438258027794218,False,False
2E6B275A5ACF47EA,electric_bike,2026-04-01 06:59:00,2026-04-01 07:19:00,Seeley Ave & Roscoe St,CHI00475,Dearborn St & Washington St,CHI02176,41.943403,-87.679618,41.88299,-87.6293,member,20.0,4,6,4,Spring,False,7.903310129606307,False,False
D9807E5E8BA0D27C,electric_bike,2026-04-01 07:13:00,2026-04-01 07:19:00,,,,,41.93,-87.65,41.93,-87.65,casual,6.0,4,7,4,Spring,False,0.0,True,False
AF1C8CF919C9BCEB,electric_bike,2026-04-01 07:17:00,2026-04-01 07:19:00,Claremont Ave & Hirsch St,CHI00404,Damen Ave & Pierce Ave,CHI02057,41.907781,-87.685854,41.9093581,-87.6777585,member,2.0,4,7,4,Spring,False,0.692495747170146,False,False
4762134981C84E59,electric_bike,2026-04-01 07:17:00,2026-04-01 07:19:00,,,Damen Ave & Leland Ave,CHI00381,41.96,-87.67,41.967081,-87.679076,casual,2.0,4,7,4,Spring,False,1.0876931639345235,False,False
103AF1E18BD98365,classic_bike,2026-04-01 07:15:00,2026-04-01 07:19:00,Seeley Ave & Garfield Blvd,CHI01048,Artesian Ave & 55Th St,CHI01923,41.794087,-87.675478,41.79402,-87.68577,member,4.0,4,7,4,Spring,False,0.8532479779484767,False,False
8C10CF79113BE158,electric_bike,2026-04-01 07:16:00,2026-04-01 07:20:00,Exchange Ave & 79Th St,CHI00722,South Shore Dr & 74Th St,CHI00221,41.75211501,-87.552007,41.76218896,-87.55927465,casual,4.0,4,7,4,Spring,False,1.2720860524054622,False,False
9325B350FD9AD792,classic_bike,2026-04-01 07:17:00,2026-04-01 07:20:00,Racine Ave & Belmont Ave,CHI00411,Wilton Ave & Belmont Ave,CHI00353,41.939743,-87.658865,41.94023192,-87.65294373,member,3.0,4,7,4,Spring,False,0.4927671869803844,False,False
725E3B0FECB41D1C,electric_bike,2026-04-01 07:09:00,2026-04-01 07:20:00,Indiana Ave & Roosevelt Rd,CHI00450,Mcclurg Ct & Erie St,CHI00419,41.867888,-87.623041,41.894503,-87.617854,member,11.0,4,7,4,Spring,False,2.9904455762354814,False,False
9A80C07C41EBCE13,electric_bike,2026-04-01 07:03:00,2026-04-01 07:20:00,Clark St & Armitage Ave,CHI00474,Columbus Dr & Randolph St,CHI00345,41.918306,-87.636282,41.884728,-87.619521,member,17.0,4,7,4,Spring,False,3.9830612906424863,False,False
F1FF808FFBBA6680,electric_bike,2026-04-01 07:09:00,2026-04-01 07:20:00,Sedgwick St & Schiller St,CHI00303,Mcclurg Ct & Erie St,CHI00419,41.90747333,-87.63816047,41.894503,-87.617854,member,11.0,4,7,4,Spring,False,2.214610098740717,False,False
68EA86124792C97C,electric_bike,2026-04-01 06:55:00,2026-04-01 07:20:00,Damen Ave & Ohio St,CHI00417,Clark St & Newport St,CHI00674,41.89239445,-87.67688513,41.94454,-87.654678,member,25.0,4,6,4,Spring,False,6.082483339081925,False,False
0CE2C73BC8AB0EDB,classic_bike,2026-04-01 07:17:00,2026-04-01 07:20:00,Lasalle Dr & Huron St,CHI00640,Rush St & Superior St,CHI00368,41.894877,-87.632326,41.89576475,-87.62590803,member,3.0,4,7,4,Spring,False,0.5403075642213684,False,False
B21311DE6C068CD0,electric_bike,2026-04-01 07:14:00,2026-04-01 07:20:00,Kingsbury St & Erie St,CHI02028,Canal St & Jackson Blvd,CHI00521,41.8939139,-87.6417358,41.878125,-87.639968,member,6.0,4,7,4,Spring,False,1.761734165009788,False,False
36AB8643F37A9E4E,electric_bike,2026-04-01 07:16:00,2026-04-01 07:20:00,,,,,41.91,-87.69,41.92,-87.69,member,4.0,4,7,4,Spring,False,1.1119492664462256,False,False
0A7D1ED28AD048F9,electric_bike,2026-04-01 07:16:00,2026-04-01 07:20:00,Dearborn St & Adams St 2,CHI02175,Desplaines St & Jackson Blvd,CHI00518,41.87963,-87.62937,41.8781189,-87.6439476,casual,4.0,4,7,4,Spring,False,1.2185350918850912,False,False
0BF7E16D61AAFC37,electric_bike,2026-04-01 07:18:00,2026-04-01 07:20:00,Dearborn St & Adams St 1,CHI00438,Franklin St & Adams St,CHI00453,41.87935636,-87.62979104,41.87943409,-87.63550401,casual,2.0,4,7,4,Spring,False,0.47305785301581044,False,False
F0E12D1F2E2E3E43,electric_bike,2026-04-01 06:58:00,2026-04-01 07:21:00,Clifton Ave & Armitage Ave,CHI00421,Franklin St & Washington St,CHI02074,41.918216,-87.656936,41.88318,-87.63511,member,23.0,4,6,4,Spring,False,4.294236197598139,False,False
2F2931E81DC93D5D,electric_bike,2026-04-01 07:18:00,2026-04-01 07:21:00,Lincoln Ave & Diversey Pkwy,CHI00285,Racine Ave & Fullerton Ave,CHI00273,41.932225,-87.658617,41.925566,-87.658416,member,3.0,4,7,4,Spring,False,0.740633697305351,False,False
F9717B4FD564311D,electric_bike,2026-04-01 07:11:00,2026-04-01 07:21:00,Halsted St & Willow St,CHI00407,Lasalle St & Illinois St,CHI00358,41.913865,-87.648755,41.890762,-87.631697,member,10.0,4,7,4,Spring,False,2.931282977700841,False,False
9879CB34793DC478,electric_bike,2026-04-01 07:13:00,2026-04-01 07:21:00,Dearborn Pkwy & Delaware Pl,CHI00306,Green St & Washington Blvd,CHI00379,41.898969,-87.629912,41.88318131,-87.64872462,casual,8.0,4,7,4,Spring,False,2.346646544843209,False,False
519B61AE5EF94DB1,electric_bike,2026-04-01 07:16:00,2026-04-01 07:21:00,Dearborn St & Maple St,CHI02124,Sedgwick St & Chicago Ave,CHI02145,41.90192,-87.63026,41.89677,-87.6386,member,5.0,4,7,4,Spring,False,0.8968756308172574,False,False
26DD6B5AE886378C,electric_bike,2026-04-01 07:15:00,2026-04-01 07:21:00,Blue Island Ave & 18Th St,CHI00443,Wood St & Taylor St (Temp),CHI00440,41.857556,-87.661535,41.86926522,-87.67373085,member,6.0,4,7,4,Spring,False,1.6477928070060157,False,False
892401F0D8C6A171,classic_bike,2026-04-01 07:00:00,2026-04-01 07:21:00,Southport Ave & Belmont Ave,CHI00335,Cherry Ave & Blackhawk St,CHI00718,41.93947775,-87.66374767,41.907221,-87.655618,member,21.0,4,7,4,Spring,False,3.6493047177489824,False,False
7CA277B079169DF7,classic_bike,2026-04-01 07:13:00,2026-04-01 07:21:00,Federal St & Polk St,CHI01775,Riverside Plaza & Adams St,CHI02193,41.87207763,-87.62954377,41.87926,-87.63879,member,8.0,4,7,4,Spring,False,1.1062945055021256,False,False
4846FE3C05726B14,classic_bike,2026-04-01 07:18:00,2026-04-01 07:21:00,Racine Ave & Wrightwood Ave,CHI00506,Sheffield Ave & Fullerton Ave,CHI00225,41.928887,-87.658971,41.9256163,-87.6536574,member,3.0,4,7,4,Spring,False,0.5705279946693677,False,False
66C8289365B362F1,electric_bike,2026-04-01 07:12:00,2026-04-01 07:21:00,Dusable Lake Shore Dr & Belmont Ave,CHI00480,Sheridan Rd & Montrose Ave,CHI00290,41.940775,-87.639192,41.96167,-87.65464,casual,9.0,4,7,4,Spring,False,2.651470422355792,False,False
1ABE363EC7A31697,classic_bike,2026-04-01 07:17:00,2026-04-01 07:21:00,Wells St & Hubbard St,CHI00332,Canal St & Lake St,CHI02184,41.889906,-87.634266,41.88597,-87.63999,casual,4.0,4,7,4,Spring,False,0.6450292619195903,False,False
38FE160ACED5C690,electric_bike,2026-04-01 07:08:00,2026-04-01 07:21:00,,,Public Rack - Richard Daley College,CHI01676,41.74,-87.7,41.75486,-87.72364,casual,13.0,4,7,4,Spring,False,2.5644864583407547,False,False
172F6FD7797C3F2D,classic_bike,2026-04-01 07:15:00,2026-04-01 07:21:00,900 W Harrison St,CHI01748,Morgan St & Lake St,CHI00878,41.874754,-87.649807,41.88549171,-87.65228927,casual,6.0,4,7,4,Spring,False,1.2115354516655652,False,False
E6639BAB197FFA41,electric_bike,2026-04-01 07:11:00,2026-04-01 07:21:00,Mies Van Der Rohe Way & Chicago Ave,CHI00470,Noble St & Ohio St,CHI02103,41.89694463,-87.62175769,41.89242,-87.66206,member,10.0,4,7,4,Spring,False,3.37357163531957,False,False
1BD5334DEE609486,electric_bike,2026-04-01 07:19:00,2026-04-01 07:22:00,,,Franklin St & Illinois St,CHI00648,41.89,-87.63,41.89102331,-87.63547987,member,3.0,4,7,4,Spring,False,0.4676556381798717,False,False
FE09391AB0D92F5A,electric_bike,2026-04-01 07:19:00,2026-04-01 07:22:00,Desplaines St & Kinzie St,CHI00517,Clinton St & Washington Blvd,CHI00509,41.88871604,-87.64444785,41.88281,-87.6412,member,3.0,4,7,4,Spring,False,0.7096274850159299,False,False
8BA8DC0CF3298849,electric_bike,2026-04-01 07:12:00,2026-04-01 07:22:00,Clark St & Lincoln Ave,CHI00413,Clinton St & Washington Blvd 2,CHI02196,41.915689,-87.6346,41.88338,-87.64117,member,10.0,4,7,4,Spring,False,3.6335146428829628,False,False
96AA869EF62E6CEF,electric_bike,2026-04-01 07:13:00,2026-04-01 07:22:00,Halsted St & Armitage Ave,CHI02111,Wells St & Elm St,CHI00540,41.91823,-87.64879,41.903222,-87.634324,member,9.0,4,7,4,Spring,False,2.053749355032401,False,False
048A585FC191DA50,classic_bike,2026-04-01 07:02:00,2026-04-01 07:22:00,Honore St & Division St,CHI00269,Paulina St & Flournoy St,CHI00627,41.903119,-87.673935,41.87306109,-87.66913489,member,20.0,4,7,4,Spring,False,3.3658236875691294,False,False
24E4B651D0939314,electric_bike,2026-04-01 07:04:00,2026-04-01 07:22:00,,,,,41.96,-87.65,41.9,-87.63,casual,18.0,4,7,4,Spring,False,6.873781826661743,False,False
7800335C193BBC37,electric_bike,2026-04-01 07:17:00,2026-04-01 07:22:00,Wacker Dr & Washington St,CHI01787,Michigan Ave & Lake St,CHI00553,41.88314336,-87.63724208,41.886022,-87.624398,member,5.0,4,7,4,Spring,False,1.1104150596178528,False,False
17ACF9675343A74C,classic_bike,2026-04-01 07:19:00,2026-04-01 07:22:00,California Ave & Altgeld St,CHI00628,Rockwell Ave & Logan Blvd,CHI02130,41.92669,-87.697668,41.92811,-87.69268,member,3.0,4,7,4,Spring,False,0.44182548939872207,False,False
24A231779D73839A,electric_bike,2026-04-01 07:14:00,2026-04-01 07:22:00,State St & Chicago Ave,CHI01772,Daley Center Plaza,CHI00253,41.8966172,-87.62857854,41.884241,-87.629634,member,8.0,4,7,4,Spring,False,1.3789411243091672,False,False
7837D1AA54E44ABD,electric_bike,2026-04-01 07:13:00,2026-04-01 07:22:00,Broadway & Cuyler Ave,CHI02128,,,41.955417,-87.6515,41.93,-87.65,casual,9.0,4,7,4,Spring,False,2.8289631005193545,False,False
BAE83F88A96A354A,electric_bike,2026-04-01 07:17:00,2026-04-01 07:22:00,Sedgwick St & Webster Ave,CHI00487,Sheffield Ave & Fullerton Ave,CHI00225,41.922167,-87.638888,41.9256163,-87.6536574,member,5.0,4,7,4,Spring,False,1.280693598971792,False,False
26EF2D895B109623,electric_bike,2026-04-01 07:19:00,2026-04-01 07:23:00,Clinton St & Washington Blvd 2,CHI02196,Kingsbury St & Kinzie St 2,CHI02181,41.88338,-87.64117,41.889188,-87.638387,member,4.0,4,7,4,Spring,False,0.6856813670518904,False,False
2EF407611AE80B75,electric_bike,2026-04-01 07:12:00,2026-04-01 07:23:00,,,Franklin St & Monroe St,CHI00449,41.91,-87.63,41.880317,-87.635185,member,11.0,4,7,4,Spring,False,3.3283830829813703,False,False
A11B3D217D77C738,classic_bike,2026-04-01 07:04:00,2026-04-01 07:23:00,Clinton St & Jackson Blvd,CHI01091,Cherry Ave & Blackhawk St,CHI00718,41.87831661,-87.64098108,41.907221,-87.655618,member,19.0,4,7,4,Spring,False,3.434788077066908,False,False
9DC5B53642ED586C,electric_bike,2026-04-01 07:05:00,2026-04-01 07:23:00,Broadway & Cornelia Ave,CHI00430,Carpenter St & Huron St,CHI00286,41.945529,-87.646439,41.894556,-87.653449,member,18.0,4,7,4,Spring,False,5.69753649865044,False,False
16DB8C965EFDAE6C,electric_bike,2026-04-01 07:19:00,2026-04-01 07:23:00,,,,,41.93,-87.72,41.93,-87.72,member,4.0,4,7,4,Spring,False,0.0,True,False
F761703F50DB3F90,electric_bike,2026-04-01 07:20:00,2026-04-01 07:23:00,,,Sheffield Ave & Fullerton Ave,CHI00225,41.93,-87.66,41.9256163,-87.6536574,member,3.0,4,7,4,Spring,False,0.7161853793903732,False,False
2E7FEAEE0912589D,electric_bike,2026-04-01 07:08:00,2026-04-01 07:23:00,Wabash Ave & Roosevelt Rd,CHI00524,Wabash Ave & Grand Ave,CHI00313,41.867227,-87.625961,41.891466,-87.626761,member,15.0,4,7,4,Spring,False,2.696067490788262,False,False
03781B11DCA019A6,electric_bike,2026-04-01 07:20:00,2026-04-01 07:23:00,Clark St & Lincoln Ave,CHI00413,Wells St & Evergreen Ave,CHI00393,41.915689,-87.6346,41.906724,-87.63483,member,3.0,4,7,4,Spring,False,0.9970441851165543,False,False
D30C5FBC6C7AAC03,electric_bike,2026-04-01 07:18:00,2026-04-01 07:23:00,Sangamon St & Washington Blvd,CHI00439,,,41.883165,-87.6511,41.88,-87.64,member,5.0,4,7,4,Spring,False,0.9840273391401811,False,False
431D47920F307BEB,electric_bike,2026-04-01 07:16:00,2026-04-01 07:24:00,Morgan Ave & 14Th Pl,CHI00261,Sangamon St & Washington Blvd,CHI00439,41.862378,-87.651062,41.883165,-87.6511,member,8.0,4,7,4,Spring,False,2.3114110816197937,False,False
7AC67DA6F885779C,electric_bike,2026-04-01 07:17:00,2026-04-01 07:24:00,Indiana Ave & Roosevelt Rd,CHI00450,,,41.867888,-87.623041,41.88,-87.63,member,7.0,4,7,4,Spring,False,1.4648696427194088,False,False
58E59426182CA384,electric_bike,2026-04-01 07:18:00,2026-04-01 07:24:00,,,Wabash Ave & Grand Ave,CHI00313,41.89,-87.65,41.891466,-87.626761,member,6.0,4,7,4,Spring,False,1.9305185780541145,False,False
15F1AC6462E2A8F2,electric_bike,2026-04-01 07:05:00,2026-04-01 07:24:00,Damen Ave & Thomas St (Augusta Blvd),CHI00296,,,41.901315,-87.677409,41.88,-87.62,member,19.0,4,7,4,Spring,False,5.310336929694852,False,False
48068BE314B68684,electric_bike,2026-04-01 07:18:00,2026-04-01 07:24:00,Public Rack - Milwaukee Ave & Haussen Ct,CHI01135,Kilbourn Ave & Milwaukee Ave,CHI00694,41.937752,-87.721623,41.9489235,-87.7400354,casual,6.0,4,7,4,Spring,False,1.9652346039435038,False,False
113094792489DA0B,electric_bike,2026-04-01 07:17:00,2026-04-01 07:24:00,Wells St & Elm St,CHI00540,,,41.903222,-87.634324,41.89,-87.63,member,7.0,4,7,4,Spring,False,1.5131521566224808,False,False
CF34DD233FA0B8AD,electric_bike,2026-04-01 07:20:00,2026-04-01 07:24:00,Desplaines St & Kinzie St,CHI00517,Riverside Plaza & Adams St,CHI02193,41.88871604,-87.64444785,41.87926,-87.63879,member,4.0,4,7,4,Spring,False,1.1510679307167615,False,False
764FF75E0315B493,classic_bike,2026-04-01 07:17:00,2026-04-01 07:24:00,Clinton St & Madison St,CHI00233,Wells St & Huron St,CHI00294,41.88166,-87.64115,41.8947953,-87.6343743,member,7.0,4,7,4,Spring,False,1.5645709791756985,False,False
92A2E42E25FE2A2D,electric_bike,2026-04-01 07:20:00,2026-04-01 07:25:00,Clinton St & Washington Blvd 2,CHI02196,Aberdeen St & Randolph St,CHI00715,41.88338,-87.64117,41.884114,-87.654264,member,5.0,4,7,4,Spring,False,1.0870515297467631,False,False
BFDB2DEED1ADF85D,electric_bike,2026-04-01 07:14:00,2026-04-01 07:25:00,Clinton St & Jackson Blvd,CHI01091,Rush St & Illinois St,CHI02141,41.87831661,-87.64098108,41.89087,-87.62584,member,11.0,4,7,4,Spring,False,1.876048507875853,False,False
96B2343EDDE72D9C,electric_bike,2026-04-01 07:16:00,2026-04-01 07:25:00,Wabash Ave & 16Th St,CHI00604,Canal St & Jackson Blvd,CHI00521,41.860384,-87.625813,41.878125,-87.639968,member,9.0,4,7,4,Spring,False,2.2946375521971234,False,False
A42D040F57FA9DE3,electric_bike,2026-04-01 07:11:00,2026-04-01 07:25:00,,,,,41.9,-87.67,41.95,-87.69,member,14.0,4,7,4,Spring,False,5.800738150909254,False,False
83025295FC7F005D,classic_bike,2026-04-01 07:16:00,2026-04-01 07:25:00,Clark St & Chicago Ave,CHI00351,State St & Van Buren St,CHI00246,41.89675,-87.63089,41.877181,-87.627844,member,9.0,4,7,4,Spring,False,2.1905342197830735,False,False
B5686CD7763969B0,electric_bike,2026-04-01 07:12:00,2026-04-01 07:25:00,Dorchester Ave & 53Rd St,CHI02171,Cottage Grove Ave & 63Rd St,CHI00587,41.79943,-87.59227,41.78053094,-87.6059702,member,13.0,4,7,4,Spring,False,2.38879191779743,False,False
2D679722286EBCEC,electric_bike,2026-04-01 07:23:00,2026-04-01 07:25:00,Larrabee St & Armitage Ave,CHI00441,Bissell St & Armitage Ave,CHI02022,41.918084,-87.643749,41.91829556,-87.65218332,member,2.0,4,7,4,Spring,False,0.6982527667519837,False,False
E387F9BE2881769E,electric_bike,2026-04-01 07:22:00,2026-04-01 07:25:00,,,Dearborn St & Van Buren St,CHI01076,41.87,-87.63,41.876268,-87.629155,casual,3.0,4,7,4,Spring,False,0.7004726716292391,False,False
2AB137C682D4B3F8,electric_bike,2026-04-01 07:23:00,2026-04-01 07:25:00,Franklin St & Jackson Blvd,CHI02050,Clinton St & Tilden St,CHI01542,41.87770796,-87.63532114,41.875885,-87.640795,member,2.0,4,7,4,Spring,False,0.4964678247864232,False,False
74FF88F012E035B1,electric_bike,2026-04-01 07:19:00,2026-04-01 07:25:00,,,Larrabee St & Kingsbury St 1,CHI00245,41.91,-87.63,41.897764,-87.642884,member,6.0,4,7,4,Spring,False,1.728611061104917,False,False
F2959554C6ED9264,electric_bike,2026-04-01 07:20:00,2026-04-01 07:26:00,Rockwell St & Fletcher St,CHI02082,Kimball Ave & Belmont Ave,CHI00577,41.93885,-87.69299,41.93939395,-87.71206766,member,6.0,4,7,4,Spring,False,1.5791281875998047,False,False
FBA7179A3685AD47,electric_bike,2026-04-01 07:22:00,2026-04-01 07:26:00,Clark St & Winnemac Ave,CHI00495,Broadway & Argyle St,CHI00311,41.97334764,-87.66785547,41.97423,-87.6597735,member,4.0,4,7,4,Spring,False,0.6752856301255766,False,False
7CC7A720F25E39F1,classic_bike,2026-04-01 07:24:00,2026-04-01 07:26:00,St. Clair St & Erie St 1,CHI01744,Rush St & Superior St,CHI00368,41.8944,-87.62286,41.89576475,-87.62590803,member,2.0,4,7,4,Spring,False,0.2944096886845025,False,False
84A7A484AAD02110,electric_bike,2026-04-01 07:21:00,2026-04-01 07:26:00,Kingsbury St & Kinzie St 2,CHI02181,Sangamon St & Adams St,CHI02116,41.889188,-87.638387,41.87909,-87.65128,member,5.0,4,7,4,Spring,False,1.5491908093127504,False,False
FD56BE0CBC8C0AF9,electric_bike,2026-04-01 07:18:00,2026-04-01 07:26:00,May St & Hubbard St,CHI02166,,,41.89008,-87.65597,41.88,-87.64,member,8.0,4,7,4,Spring,False,1.7332331515456068,False,False
7F134501213A8045,electric_bike,2026-04-01 07:21:00,2026-04-01 07:26:00,Canal St & Madison St,CHI00498,,,41.882409,-87.639767,41.88,-87.63,casual,5.0,4,7,4,Spring,False,0.8518053633243944,False,False
31FC94E3ECC587D5,electric_bike,2026-04-01 07:05:00,2026-04-01 07:27:00,Wabash Ave & 16Th St,CHI00604,,,41.860384,-87.625813,41.9,-87.66,member,22.0,4,7,4,Spring,False,5.235990335127581,False,False
C3769AFA427E10A7,classic_bike,2026-04-01 07:20:00,2026-04-01 07:27:00,Lincoln Ave & Melrose St,CHI00477,Clark St & Newport St,CHI00674,41.9406,-87.669435,41.94454,-87.654678,member,7.0,4,7,4,Spring,False,1.2967765564739018,False,False
4C61BA4031FDD49E,electric_bike,2026-04-01 07:21:00,2026-04-01 07:27:00,Broadway & Sheridan Rd,CHI00476,Broadway & Belmont Ave,CHI00239,41.952833,-87.649993,41.940106,-87.645451,member,6.0,4,7,4,Spring,False,1.464183347753083,False,False
E446521D70EC8377,classic_bike,2026-04-01 07:18:00,2026-04-01 07:27:00,Clinton St & Madison St,CHI00233,Loomis St & Jackson Blvd,CHI00230,41.88166,-87.64115,41.877945,-87.662007,member,9.0,4,7,4,Spring,False,1.7754718336185553,False,False
E69011C708FCEC21,electric_bike,2026-04-01 07:17:00,2026-04-01 07:27:00,Hudson Ave & Armitage Ave,CHI02110,Fairbanks St & Superior St,CHI00697,41.91818,-87.64,41.895748,-87.620104,member,10.0,4,7,4,Spring,False,2.9887409274831254,False,False
EE02324A213C38D2,electric_bike,2026-04-01 07:22:00,2026-04-01 07:27:00,Dearborn St & Maple St,CHI02124,Kingsbury St & Kinzie St 2,CHI02181,41.90192,-87.63026,41.889188,-87.638387,member,5.0,4,7,4,Spring,False,1.567412934262511,False,False
7B9F2E995B99E3DF,electric_bike,2026-04-01 07:23:00,2026-04-01 07:27:00,Rockwell Ave & Logan Blvd,CHI02130,,,41.92811,-87.69268,41.93,-87.68,member,4.0,4,7,4,Spring,False,1.0698109858420253,False,False
A1E818DCCC49D70A,electric_bike,2026-04-01 07:25:00,2026-04-01 07:27:00,Clark St & Newport St,CHI00674,Wilton Ave & Belmont Ave,CHI00353,41.94454,-87.654678,41.94023192,-87.65294373,casual,2.0,4,7,4,Spring,False,0.5000509133176283,False,False
5724A748AB4CE76E,electric_bike,2026-04-01 07:24:00,2026-04-01 07:27:00,Throop St & Taylor St,CHI00389,,,41.868968,-87.659141,41.87,-87.67,member,3.0,4,7,4,Spring,False,0.9064529986407753,False,False
B3543D4C412C191C,electric_bike,2026-04-01 07:25:00,2026-04-01 07:27:00,Racine/Eddy Corral,CHI02068,Southport Ave & Roscoe St,CHI00234,41.9463404,-87.6591024,41.943739,-87.66402,member,2.0,4,7,4,Spring,False,0.4990861299313338,False,False
50F86F9E0163FAC6,classic_bike,2026-04-01 07:19:00,2026-04-01 07:27:00,Clinton St & Washington Blvd 2,CHI02196,Franklin St & Chicago Ave,CHI01745,41.88338,-87.64117,41.89679,-87.63564,member,8.0,4,7,4,Spring,False,1.5598043248907232,False,False
9E3D56700D8A6CF4,electric_bike,2026-04-01 07:15:00,2026-04-01 07:27:00,Hampden Ct & Diversey Pkwy,CHI02087,Elston Ave & Cortland St,CHI00259,41.93247,-87.64242,41.91643343,-87.66674638,casual,12.0,4,7,4,Spring,False,2.688900273499686,False,False
7BD334B4F301FF7F,electric_bike,2026-04-01 07:26:00,2026-04-01 07:27:00,Wabash Ave & Adams St,CHI00786,Lasalle St & Adams St,CHI00451,41.87947235,-87.62568861,41.87934437,-87.63198522,casual,1.0,4,7,4,Spring,False,0.5214927535945518,False,False
C88143D6B283A3C1,classic_bike,2026-04-01 07:26:00,2026-04-01 07:28:00,Leavitt St & Armitage Ave,CHI00467,Milwaukee Ave & The 606,CHI00622,41.917805,-87.682437,41.913754,-87.6826658,member,2.0,4,7,4,Spring,False,0.4508483042025937,False,False
5BFE35A2C03DDA4B,electric_bike,2026-04-01 07:21:00,2026-04-01 07:28:00,Elizabeth St & Randolph St,CHI01903,Canal St & Jackson Blvd,CHI00521,41.884336,-87.658902,41.878125,-87.639968,member,7.0,4,7,4,Spring,False,1.712907710370894,False,False
60A36D1080E601CF,electric_bike,2026-04-01 07:25:00,2026-04-01 07:28:00,Ravenswood Ave & Irving Park Rd,CHI00309,Wolcott (Ravenswood) Ave & Montrose Ave,CHI00357,41.95469,-87.67393,41.961406,-87.676169,member,3.0,4,7,4,Spring,False,0.769392350676921,False,False
BC2E71BBE332125C,classic_bike,2026-04-01 07:22:00,2026-04-01 07:28:00,Ellis Ave & 60Th St,CHI00765,Ellis Ave & 55Th St,CHI00583,41.78509715,-87.60107276,41.79430062,-87.60144977,member,6.0,4,7,4,Spring,False,1.0238563873073037,False,False
ACF042310428E81A,electric_bike,2026-04-01 07:08:00,2026-04-01 07:28:00,Wabash Ave & Roosevelt Rd,CHI00524,Mies Van Der Rohe Way & Chestnut St,CHI00418,41.867227,-87.625961,41.89858665,-87.62191523,member,20.0,4,7,4,Spring,False,3.5030823108056803,False,False
E845CE8A257F0C5A,electric_bike,2026-04-01 07:26:00,2026-04-01 07:28:00,Sheridan Rd & Montrose Ave,CHI00290,,,41.96167,-87.65464,41.96,-87.65,casual,2.0,4,7,4,Spring,False,0.4262344352068899,False,False
8F3D29DFDFE7FAB3,electric_bike,2026-04-01 07:07:00,2026-04-01 07:28:00,,,Monticello Ave & Irving Park Rd,CHI00593,41.98,-87.66,41.95400484,-87.71912818,member,21.0,4,7,4,Spring,False,5.679159890565391,False,False
08A7A29B9E1CF7B4,electric_bike,2026-04-01 06:58:00,2026-04-01 07:29:00,Clarendon Ave & Gordon Ter,CHI00455,Clinton St & Jackson Blvd,CHI01091,41.95786652,-87.64950514,41.87831661,-87.64098108,member,31.0,4,6,4,Spring,False,8.873619016977809,False,False
FBFD9DDBBC09F86E,electric_bike,2026-04-01 07:24:00,2026-04-01 07:29:00,Kingsbury St & Kinzie St 2,CHI02181,Rush St & Superior St,CHI00368,41.889188,-87.638387,41.89576475,-87.62590803,member,5.0,4,7,4,Spring,False,1.2655985471109565,False,False
A7F519EEB282DF20,electric_bike,2026-04-01 07:27:00,2026-04-01 07:29:00,Larrabee St & North Ave,CHI00297,,,41.91021,-87.6435,41.91,-87.64,member,2.0,4,7,4,Spring,False,0.290566793849942,False,False
CC30AB534A25A3FE,classic_bike,2026-04-01 07:26:00,2026-04-01 07:29:00,Canal St & Monroe St,CHI00398,Franklin St & Washington St,CHI02074,41.8829056,-87.6397409,41.88318,-87.63511,member,3.0,4,7,4,Spring,False,0.38458430561376306,False,False
94BB1EF812897A71,electric_bike,2026-04-01 07:20:00,2026-04-01 07:29:00,Wells St & Elm St,CHI00540,Clinton St & Washington Blvd 2,CHI02196,41.903222,-87.634324,41.88338,-87.64117,member,9.0,4,7,4,Spring,False,2.277936320730594,False,False
9065411EF7FDB067,electric_bike,2026-04-01 07:23:00,2026-04-01 07:29:00,Shore Dr & 53Rd St,CHI02172,Woodlawn Ave & 58Th St,CHI01996,41.79945,-87.58237,41.789381,-87.596479,member,6.0,4,7,4,Spring,False,1.6191397947478623,False,False
AFC51E1B30F494A1,classic_bike,2026-04-01 07:16:00,2026-04-01 07:29:00,Ashland Ave & Chicago Ave,CHI00338,Kingsbury St & Erie St,CHI02028,41.89595436,-87.66772807,41.8939139,-87.6417358,member,13.0,4,7,4,Spring,False,2.163317194656087,False,False
588734D469C48071,electric_bike,2026-04-01 07:26:00,2026-04-01 07:29:00,Clinton St & Washington Blvd 2,CHI02196,Peoria St & Kinzie St,CHI02098,41.88338,-87.64117,41.88896,-87.64973,member,3.0,4,7,4,Spring,False,0.9418645699445827,False,False
5490B55F9852EE04,classic_bike,2026-04-01 07:17:00,2026-04-01 07:29:00,Dearborn St & Division St,CHI02125,Clinton St & Washington Blvd 2,CHI02196,41.9043,-87.62991,41.88338,-87.64117,member,12.0,4,7,4,Spring,False,2.5059602675493435,False,False
6230AB151782FF33,electric_bike,2026-04-01 07:24:00,2026-04-01 07:29:00,Wells St & Evergreen Ave,CHI00393,Wabash Ave & Grand Ave,CHI00313,41.906724,-87.63483,41.891466,-87.626761,member,5.0,4,7,4,Spring,False,1.8233181722389182,False,False
9F110CEEFA8A4D9C,electric_bike,2026-04-01 07:21:00,2026-04-01 07:30:00,Halsted St & Clybourn Ave,CHI01161,Michigan Ave & Lake St,CHI00553,41.909668,-87.648128,41.886022,-87.624398,member,9.0,4,7,4,Spring,False,3.2818871689517772,False,False
43D500D0653655D3,electric_bike,2026-04-01 07:27:00,2026-04-01 07:30:00,Aberdeen St & Monroe St,CHI00321,,,41.88014,-87.6547,41.89,-87.65,member,3.0,4,7,4,Spring,False,1.1633730347413755,False,False
296CBE14CA340E37,classic_bike,2026-04-01 07:21:00,2026-04-01 07:30:00,Throop St & Taylor St,CHI00389,Sangamon St & Washington Blvd,CHI00439,41.868968,-87.659141,41.883165,-87.6511,member,9.0,4,7,4,Spring,False,1.7132752941953235,False,False
ED87392F6D113B8C,electric_bike,2026-04-01 07:24:00,2026-04-01 07:30:00,,,Paulina St & Cortland St,CHI02132,41.92,-87.69,41.91626,-87.67019,member,6.0,4,7,4,Spring,False,1.6910171728011645,False,False
9AE79C8094EF2AA5,electric_bike,2026-04-01 07:19:00,2026-04-01 07:30:00,Wolcott (Ravenswood) Ave & Montrose Ave,CHI00357,,,41.961406,-87.676169,41.93,-87.67,member,11.0,4,7,4,Spring,False,3.5292610654579137,False,False
CE7A5B6D7AAFD828,electric_bike,2026-04-01 07:26:00,2026-04-01 07:30:00,Wells St & Institute Pl,CHI01928,Wells St & Concord Ln,CHI00396,41.89737986,-87.63442039,41.912133,-87.634656,member,4.0,4,7,4,Spring,False,1.6405901944545263,False,False
9F665184B675B3B6,electric_bike,2026-04-01 07:19:00,2026-04-01 07:30:00,Clark St & Lincoln Ave,CHI00413,Wells St & Madison St,CHI02102,41.915689,-87.6346,41.88199,-87.63418,member,11.0,4,7,4,Spring,False,3.7473190654456605,False,False
81802CE9ED5C24A5,classic_bike,2026-04-01 07:25:00,2026-04-01 07:30:00,Clinton St & Madison St,CHI00233,Clinton St & Tilden St,CHI01542,41.88166,-87.64115,41.875885,-87.640795,member,5.0,4,7,4,Spring,False,0.6428229509986345,False,False
7DFAA7D81B0615EE,electric_bike,2026-04-01 07:25:00,2026-04-01 07:30:00,Ashland Ave & Wrightwood Ave,CHI00276,,,41.92883,-87.668507,41.92,-87.67,member,5.0,4,7,4,Spring,False,0.9895901687840377,False,False
3EB2696E8F2B28E5,electric_bike,2026-04-01 07:27:00,2026-04-01 07:31:00,Fulton Market,CHI01880,Elizabeth St & Fulton St,CHI00280,41.886871,-87.648089,41.88672,-87.65957,member,4.0,4,7,4,Spring,False,0.9505544331510385,False,False
FD2B60530BBE87FA,classic_bike,2026-04-01 07:24:00,2026-04-01 07:31:00,Honore St & Division St,CHI00269,Walsh Park,CHI00716,41.903119,-87.673935,41.91461,-87.667968,member,7.0,4,7,4,Spring,False,1.3698330975011228,False,False
5AE290E1EB9EC1B2,electric_bike,2026-04-01 07:24:00,2026-04-01 07:31:00,Loomis St & Jackson Blvd,CHI00230,,,41.877945,-87.662007,41.9,-87.65,member,7.0,4,7,4,Spring,False,2.646158118823899,False,False
81B96BB8CB48A59C,electric_bike,2026-04-01 07:15:00,2026-04-01 07:31:00,Spaulding Ave & Armitage Ave,CHI00635,,,41.91710803,-87.71022096,41.89,-87.66,member,16.0,4,7,4,Spring,False,5.134216736956674,False,False
1CFE4F49517BAA61,electric_bike,2026-04-01 07:26:00,2026-04-01 07:31:00,,,Halsted St & Roosevelt Rd,CHI00364,41.88,-87.64,41.867324,-87.648625,member,5.0,4,7,4,Spring,False,1.5800926319930233,False,False
80F399DA3664F0BF,electric_bike,2026-04-01 07:25:00,2026-04-01 07:31:00,Clinton St & Washington Blvd 2,CHI02196,Larrabee St & Kingsbury St 2,CHI02169,41.88338,-87.64117,41.89758,-87.6429,member,6.0,4,7,4,Spring,False,1.585448443196321,False,False
595F83709C21C656,electric_bike,2026-04-01 07:26:00,2026-04-01 07:31:00,Clark St & Schreiber Ave,CHI00361,Peterson/Ridge Metra,CHI01983,41.999245,-87.671249,41.9918,-87.67489,member,5.0,4,7,4,Spring,False,0.8808319745300334,False,False
4E5CB03B1BAE66E6,electric_bike,2026-04-01 07:19:00,2026-04-01 07:31:00,,,Wabash Ave & Grand Ave,CHI00313,41.92,-87.65,41.891466,-87.626761,member,12.0,4,7,4,Spring,False,3.7101859130813306,False,False
20B017A8169AF129,electric_bike,2026-04-01 07:28:00,2026-04-01 07:31:00,Paulina Ave & North Ave,CHI00258,Milwaukee Ave & The 606,CHI00622,41.90985465,-87.66993016,41.913754,-87.6826658,casual,3.0,4,7,4,Spring,False,1.139563734234483,False,False
0E78F5489B07FFD8,electric_bike,2026-04-01 07:23:00,2026-04-01 07:31:00,Dayton St & North Ave,CHI00240,Elston Ave & Cortland St,CHI00259,41.91057803,-87.64942193,41.91643343,-87.66674638,member,8.0,4,7,4,Spring,False,1.5744625758506283,False,False
5B568BBB11198B2E,classic_bike,2026-04-01 07:25:00,2026-04-01 07:31:00,Orleans St & Hubbard St,CHI00750,Franklin St & Washington St,CHI02074,41.890028,-87.636618,41.88318,-87.63511,member,6.0,4,7,4,Spring,False,0.7716276035862901,False,False
6D4A38B3A0136179,classic_bike,2026-04-01 06:57:00,2026-04-01 07:31:00,Lincoln Ave & Byron St,CHI01879,Michigan Ave & Lake St,CHI00553,41.952372,-87.677296,41.886022,-87.624398,member,34.0,4,6,4,Spring,False,8.578305406004286,False,False
95AF2DD769453FA4,electric_bike,2026-04-01 07:25:00,2026-04-01 07:32:00,Kingsbury St & Kinzie St 2,CHI02181,Lasalle St & Jackson Blvd,CHI00447,41.88919294,-87.63858819,41.878166,-87.631929,member,7.0,4,7,4,Spring,False,1.3443690765322605,False,False
06ED8DAD6E5B0982,electric_bike,2026-04-01 07:22:00,2026-04-01 07:32:00,Peoria St & Jackson Blvd,CHI00402,Wells St & Huron St,CHI00294,41.87770414,-87.64939833,41.8947953,-87.6343743,member,10.0,4,7,4,Spring,False,2.271239668123197,False,False
107D2A2A59DAEB0B,electric_bike,2026-04-01 07:29:00,2026-04-01 07:32:00,Kingsbury St & Kinzie St 2,CHI02181,,,41.889188,-87.638387,41.88,-87.64,member,3.0,4,7,4,Spring,False,1.0303481664416163,False,False
668C618ACB1A3FA7,electric_bike,2026-04-01 07:29:00,2026-04-01 07:32:00,Desplaines St & Kinzie St,CHI00517,Clinton St & Washington Blvd 2,CHI02196,41.88871604,-87.64444785,41.88338,-87.64117,casual,3.0,4,7,4,Spring,False,0.6524429279194736,False,False
857FB1978522E367,electric_bike,2026-04-01 07:22:00,2026-04-01 07:32:00,Clark St & Ida B Wells Dr,CHI00216,Loomis St & Jackson Blvd,CHI00230,41.87593267,-87.63058454,41.877945,-87.662007,member,10.0,4,7,4,Spring,False,2.6111820737451077,False,False
DB61D78A96F0832E,electric_bike,2026-04-01 07:24:00,2026-04-01 07:32:00,Wells St & Elm St,CHI00540,Franklin St & Monroe St,CHI00449,41.903222,-87.634324,41.880317,-87.635185,member,8.0,4,7,4,Spring,False,2.547916731123639,False,False
A31705DC51D76558,classic_bike,2026-04-01 07:29:00,2026-04-01 07:32:00,Cityfront Plaza Dr & Pioneer Ct,CHI00483,Michigan Ave & Lake St,CHI00553,41.890573,-87.622072,41.886022,-87.624398,member,3.0,4,7,4,Spring,False,0.541440408269535,False,False
D3EFB74A9B5A08F1,classic_bike,2026-04-01 07:28:00,2026-04-01 07:32:00,Franklin St & Jackson Blvd,CHI02050,Canal St & Madison St,CHI00498,41.87770796,-87.63532114,41.882409,-87.639767,member,4.0,4,7,4,Spring,False,0.6393156281983672,False,False
1BDD5F5F17C4896A,electric_bike,2026-04-01 07:18:00,2026-04-01 07:33:00,Wabash Ave & Grand Ave,CHI00313,Franklin St & Chicago Ave,CHI01745,41.891466,-87.626761,41.89679,-87.63564,member,15.0,4,7,4,Spring,False,0.9437068409998582,False,False
7C0C6F2EFA4AB9D1,electric_bike,2026-04-01 07:28:00,2026-04-01 07:33:00,Desplaines St & Kinzie St,CHI00517,Desplaines St & Jackson Blvd,CHI00518,41.88871604,-87.64444785,41.8781189,-87.6439476,member,5.0,4,7,4,Spring,False,1.1790757191048442,False,False
0E1CCEF4825D35D9,electric_bike,2026-04-01 07:21:00,2026-04-01 07:33:00,Lincoln Ave & Roscoe St,CHI01837,Elston Ave & Cortland St,CHI00259,41.94335025,-87.67066777,41.91643343,-87.66674638,member,12.0,4,7,4,Spring,False,3.010542300067571,False,False
35967F72FFBCB502,classic_bike,2026-04-01 07:24:00,2026-04-01 07:33:00,Kenosha Ave & Wellington Ave,CHI01858,Kimball Ave & Belmont Ave,CHI00577,41.934457,-87.733795,41.93939395,-87.71206766,casual,9.0,4,7,4,Spring,False,1.8791668417646736,False,False
08AE07119823BC73,electric_bike,2026-04-01 07:28:00,2026-04-01 07:33:00,,,Sedgwick St & Huron St,CHI00241,41.88,-87.64,41.894666,-87.638437,member,5.0,4,7,4,Spring,False,1.6359094084511738,False,False
5D9828EEBD38205C,electric_bike,2026-04-01 07:26:00,2026-04-01 07:33:00,,,Franklin St & Monroe St,CHI00449,41.89,-87.65,41.880317,-87.635185,member,7.0,4,7,4,Spring,False,1.631996074803225,False,False
C29C883FC0EDE0A5,electric_bike,2026-04-01 07:21:00,2026-04-01 07:33:00,Desplaines St & Kinzie St,CHI00517,Canal St & Adams St,CHI01743,41.88871604,-87.64444785,41.879255,-87.639904,casual,12.0,4,7,4,Spring,False,1.117247366391696,False,False
5D2117130C25AC7B,electric_bike,2026-04-01 07:30:00,2026-04-01 07:33:00,Wood St & Beach Ave,CHI00329,Paulina St & Cortland St,CHI02132,41.907655,-87.672552,41.91626,-87.67019,member,3.0,4,7,4,Spring,False,0.9765906486157495,False,False
22129A4346651E15,electric_bike,2026-04-01 07:25:00,2026-04-01 07:33:00,Ashland Ave & Chicago Ave,CHI00338,Canal St & Madison St,CHI00498,41.89595436,-87.66772807,41.882409,-87.639767,casual,8.0,4,7,4,Spring,False,2.7614703014111583,False,False
1AC73286B49B7C6E,electric_bike,2026-04-01 07:27:00,2026-04-01 07:33:00,Lincoln Ave & Belle Plaine Ave,CHI00464,Ravenswood Ave & Lawrence Ave,CHI00508,41.95600355,-87.68016145,41.968445,-87.674226,member,6.0,4,7,4,Spring,False,1.467894354691129,False,False
60FBF313C7173297,electric_bike,2026-04-01 07:28:00,2026-04-01 07:33:00,,,Perry Ave & 69Th St,CHI00554,41.77,-87.65,41.76929309,-87.62819593,casual,5.0,4,7,4,Spring,False,1.80997153639947,False,False
4D97DF0DFBA97E37,electric_bike,2026-04-01 07:25:00,2026-04-01 07:33:00,Wabash Ave & Grand Ave,CHI00313,Clinton St & Tilden St,CHI01542,41.891466,-87.626761,41.875885,-87.640795,member,8.0,4,7,4,Spring,False,2.0860100924205067,False,False
8CA4B409D00235EC,electric_bike,2026-04-01 07:26:00,2026-04-01 07:33:00,Clark St & Elm St,CHI00281,St. Clair St & Erie St 1,CHI01744,41.90297,-87.6313,41.8944,-87.62286,member,7.0,4,7,4,Spring,False,1.1815470379163786,False,False
88D9DE653DF0C0DF,electric_bike,2026-04-01 07:27:00,2026-04-01 07:34:00,Greenwood Ave & 47Th St,CHI00422,Prairie Ave & 43Rd St,CHI00545,41.809835,-87.599383,41.81665889,-87.61941246,member,7.0,4,7,4,Spring,False,1.8251638398319914,False,False
AB3E5724DF35B681,classic_bike,2026-04-01 07:30:00,2026-04-01 07:34:00,Sheridan Rd & Buena Ave,CHI00468,Sheffield Ave & Addison St,CHI02054,41.95848,-87.65507,41.947017,-87.654418,member,4.0,4,7,4,Spring,False,1.2757672977568695,False,False
3271582AFE58BDC7,classic_bike,2026-04-01 07:26:00,2026-04-01 07:34:00,Clinton St & Jackson Blvd,CHI01091,Sangamon St & Lake St,CHI00242,41.87831661,-87.64098108,41.88577925,-87.65102461,member,8.0,4,7,4,Spring,False,1.1747034594119312,False,False
448408B9EB7DEDDE,electric_bike,2026-04-01 07:31:00,2026-04-01 07:34:00,Halsted St & Roscoe St,CHI00473,Wilton Ave & Belmont Ave,CHI00353,41.94367,-87.64895,41.94023192,-87.65294373,casual,3.0,4,7,4,Spring,False,0.5052339599633575,False,False
A11334EE0FDFF75F,electric_bike,2026-04-01 07:28:00,2026-04-01 07:34:00,,,Kingsbury St & Kinzie St 1,CHI00299,41.88,-87.65,41.88907,-87.63835,casual,6.0,4,7,4,Spring,False,1.3954477697926793,False,False
1FECB2B681BFEF98,classic_bike,2026-04-01 07:24:00,2026-04-01 07:34:00,Ravenswood Ave & Berteau Ave,CHI00471,Malden St & Wilson Ave,CHI02151,41.957921,-87.673567,41.96526,-87.66275,member,10.0,4,7,4,Spring,False,1.2107385178060766,False,False
1497B12502430599,classic_bike,2026-04-01 07:28:00,2026-04-01 07:34:00,Wabash Ave & 9Th St,CHI00448,Franklin St & Jackson Blvd,CHI02050,41.870769,-87.625734,41.87770796,-87.63532114,member,6.0,4,7,4,Spring,False,1.1069909323376548,False,False
87197AAD0D5DAE95,electric_bike,2026-04-01 07:29:00,2026-04-01 07:34:00,Canal St & Madison St,CHI00498,Michigan Ave & Washington St,CHI01677,41.882409,-87.639767,41.88398406,-87.62468398,member,5.0,4,7,4,Spring,False,1.2608773081717646,False,False
AF12045D640C2456,electric_bike,2026-04-01 07:29:00,2026-04-01 07:34:00,California Ave & Cortez St,CHI00700,Artesian Ave & Hubbard St,CHI00647,41.900363,-87.696704,41.8895,-87.688257,member,5.0,4,7,4,Spring,False,1.3956621050191063,False,False
4382F137D55598E2,electric_bike,2026-04-01 07:19:00,2026-04-01 07:34:00,Lincoln Ave & Diversey Pkwy,CHI00285,Fairbanks St & Superior St,CHI00697,41.932225,-87.658617,41.895748,-87.620104,member,15.0,4,7,4,Spring,False,5.158212823243427,False,False
A3E8794491968CA8,electric_bike,2026-04-01 07:24:00,2026-04-01 07:34:00,Clark St & Schiller St,CHI00462,Clinton St & Jackson Blvd,CHI01091,41.907993,-87.631501,41.87831661,-87.64098108,member,10.0,4,7,4,Spring,False,3.3918787251057965,False,False
78DB1791CBB61C60,electric_bike,2026-04-01 07:27:00,2026-04-01 07:34:00,Hoyne Ave & Balmoral Ave,CHI00773,Francisco Ave & Foster Ave,CHI00638,41.979851,-87.681932,41.97563273,-87.70141944,member,7.0,4,7,4,Spring,False,1.6777857371232547,False,False
DBDD31384E23E971,electric_bike,2026-04-01 07:30:00,2026-04-01 07:35:00,,,Peterson/Ridge Metra,CHI01983,41.99,-87.67,41.9918,-87.67489,member,5.0,4,7,4,Spring,False,0.45098521770964395,False,False
826DCF5288A54061,electric_bike,2026-04-01 07:29:00,2026-04-01 07:35:00,Damen Ave & Chicago Ave,CHI00316,Artesian Ave & Hubbard St,CHI00647,41.89568737,-87.67713508,41.8895,-87.688257,member,6.0,4,7,4,Spring,False,1.1492822695590685,False,False
228B104362DA9DD6,classic_bike,2026-04-01 07:26:00,2026-04-01 07:35:00,Wells St & Concord Ln,CHI00396,Halsted St & Wrightwood Ave,CHI00504,41.912133,-87.634656,41.929143,-87.649077,member,9.0,4,7,4,Spring,False,2.2363129863788185,False,False
CAC5F97B7EC9F671,electric_bike,2026-04-01 07:15:00,2026-04-01 07:35:00,,,Mcclurg Ct & Ohio St,CHI00330,41.96,-87.65,41.89259212,-87.61728913,member,20.0,4,7,4,Spring,False,7.968972008532421,False,False
C2166A5577142CDC,electric_bike,2026-04-01 07:31:00,2026-04-01 07:35:00,Halsted St & Maxwell St,CHI00437,Morgan St & Polk St,CHI00372,41.864883,-87.647071,41.871737,-87.65103,casual,4.0,4,7,4,Spring,False,0.8296449231584767,False,False
2A4A2B85FFB0806C,electric_bike,2026-04-01 07:28:00,2026-04-01 07:35:00,Clinton St & Lake St,CHI01746,Larrabee St & Kingsbury St 2,CHI02169,41.885637,-87.641823,41.89758,-87.6429,member,7.0,4,7,4,Spring,False,1.330989886536677,False,False
8509A6CF6663ED43,electric_bike,2026-04-01 07:24:00,2026-04-01 07:35:00,Canal St & Madison St,CHI00498,Mcclurg Ct & Erie St,CHI00419,41.882409,-87.639767,41.894503,-87.617854,member,11.0,4,7,4,Spring,False,2.25805204251052,False,False
80725369F2F2F8F0,electric_bike,2026-04-01 07:28:00,2026-04-01 07:35:00,Clark St & Berwyn Ave,CHI00530,,,41.978017,-87.668019,41.97,-87.67,casual,7.0,4,7,4,Spring,False,0.906367189826531,False,False
6D98CBEF5344F847,electric_bike,2026-04-01 07:18:00,2026-04-01 07:35:00,,,,,41.92,-87.68,41.9,-87.62,member,17.0,4,7,4,Spring,False,5.440346342782635,False,False
C246D3C9029201CF,electric_bike,2026-04-01 07:26:00,2026-04-01 07:35:00,Drake Ave & Montrose Ave,CHI00227,Damen Ave & Sunnyside Ave,CHI00459,41.96115408,-87.71656907,41.96325,-87.679258,casual,9.0,4,7,4,Spring,False,3.0937817681413784,False,False
5D85CA0B04611C4A,electric_bike,2026-04-01 07:28:00,2026-04-01 07:35:00,Lasalle Dr & Huron St,CHI00640,Franklin St & Jackson Blvd,CHI02050,41.894877,-87.632326,41.87770796,-87.63532114,member,7.0,4,7,4,Spring,False,1.9251433093532422,False,False
94EAD1AE294FFEC5,electric_bike,2026-04-01 07:28:00,2026-04-01 07:35:00,Artesian Ave & Hubbard St,CHI00647,,,41.8895,-87.688257,41.89,-87.66,member,7.0,4,7,4,Spring,False,2.3396889679001056,False,False
8EFDC1D877F092A0,electric_bike,2026-04-01 07:26:00,2026-04-01 07:35:00,Dearborn St & Maple St,CHI02124,Franklin St & Lake St,CHI00376,41.90192,-87.63026,41.885837,-87.6355,member,9.0,4,7,4,Spring,False,1.8401914002205084,False,False
BD5917D2CB9A2FF3,electric_bike,2026-04-01 07:21:00,2026-04-01 07:35:00,Racine Ave & Fullerton Ave,CHI00273,Clinton St & Lake St,CHI01746,41.925566,-87.658416,41.885637,-87.641823,member,14.0,4,7,4,Spring,False,4.6474021529338865,False,False
12215B750AD943E1,electric_bike,2026-04-01 07:25:00,2026-04-01 07:35:00,Dearborn St & Division St,CHI02125,Lasalle St & Calhoun Pl,CHI01666,41.9043,-87.62991,41.882664,-87.63253,member,10.0,4,7,4,Spring,False,2.415567802257606,False,False
B59CD503600EB915,electric_bike,2026-04-01 07:30:00,2026-04-01 07:35:00,Canal St & Madison St,CHI00498,Wabash Ave & Adams St,CHI00786,41.882409,-87.639767,41.87947235,-87.62568861,member,5.0,4,7,4,Spring,False,1.2104055911132865,False,False
48A7B4DC9750E09C,electric_bike,2026-04-01 07:30:00,2026-04-01 07:36:00,,,Canal St & Adams St,CHI01743,41.89,-87.64,41.879255,-87.639904,member,6.0,4,7,4,Spring,False,1.1948159172586308,False,False
0B193DE4CB21F222,classic_bike,2026-04-01 07:22:00,2026-04-01 07:36:00,Clark St & Schiller St,CHI00462,Wells St & Hubbard St,CHI00332,41.907993,-87.631501,41.889906,-87.634266,member,14.0,4,7,4,Spring,False,2.024160511635456,False,False
125C770351A53C23,electric_bike,2026-04-01 07:30:00,2026-04-01 07:36:00,Wells St & Elm St,CHI00540,Kingsbury St & Kinzie St 2,CHI02181,41.903222,-87.634324,41.889188,-87.638387,member,6.0,4,7,4,Spring,False,1.5963334067051698,False,False
D1503DB4EC87E9DA,electric_bike,2026-04-01 07:31:00,2026-04-01 07:36:00,Blue Island Ave & 18Th St,CHI00443,Halsted St & 18Th St,CHI00424,41.857556,-87.661535,41.85750568,-87.64599144,casual,5.0,4,7,4,Spring,False,1.2873094081062157,False,False
686F7985338B2ACF,electric_bike,2026-04-01 07:32:00,2026-04-01 07:36:00,,,University Ave & 57Th St,CHI00551,41.79,-87.59,41.791478,-87.599861,member,4.0,4,7,4,Spring,False,0.833882961430771,False,False
3F3C138979C9B53A,electric_bike,2026-04-01 07:30:00,2026-04-01 07:36:00,Dearborn St & Maple St,CHI02124,Orleans St & Merchandise Mart Plaza,CHI00367,41.90192,-87.63026,41.888243,-87.63639,casual,6.0,4,7,4,Spring,False,1.6032177147333855,False,False
FFDD485FCDE87692,classic_bike,2026-04-01 07:32:00,2026-04-01 07:36:00,Cicero Ave & Quincy St,CHI00591,Cicero Ave & Lake St,CHI00665,41.877613,-87.745405,41.886841,-87.745261,casual,4.0,4,7,4,Spring,False,1.0261760313421806,False,False
C9A4A1D9FB727654,electric_bike,2026-04-01 07:29:00,2026-04-01 07:36:00,,,,,41.91,-87.69,41.92,-87.67,member,7.0,4,7,4,Spring,False,1.9937587030558883,False,False
F95AF3E7A4FDD011,electric_bike,2026-04-01 07:33:00,2026-04-01 07:36:00,Clinton St & Washington Blvd 2,CHI02196,Lasalle St & Jackson Blvd,CHI00447,41.88338,-87.64117,41.878166,-87.631929,member,3.0,4,7,4,Spring,False,0.9599135767749604,False,False
462B97C77064D060,electric_bike,2026-04-01 07:29:00,2026-04-01 07:37:00,Clinton St & Jackson Blvd,CHI01091,Larrabee St & Kingsbury St 2,CHI02169,41.87831661,-87.64098108,41.89758,-87.6429,member,8.0,4,7,4,Spring,False,2.1478730822053267,False,False
42FE7BC6BBCDF9F7,electric_bike,2026-04-01 07:29:00,2026-04-01 07:37:00,Clinton St & Washington Blvd 2,CHI02196,,,41.88340128,-87.64146519,41.89,-87.62,member,8.0,4,7,4,Spring,False,1.9224416337791925,False,False
713013FFFCFA03B4,electric_bike,2026-04-01 07:26:00,2026-04-01 07:37:00,Clinton St & Jackson Blvd,CHI01091,Ashland Ave & Augusta Blvd,CHI02012,41.87831661,-87.64098108,41.89962,-87.66841,member,11.0,4,7,4,Spring,False,3.281244645811324,False,False
30355769A9EEB213,classic_bike,2026-04-01 07:24:00,2026-04-01 07:37:00,Ashland Ave & Grand Ave,CHI00362,Orleans St & Merchandise Mart Plaza,CHI00367,41.891072,-87.666611,41.888243,-87.63639,member,13.0,4,7,4,Spring,False,2.5213064872122475,False,False
8931B3E72E4E09E0,electric_bike,2026-04-01 07:28:00,2026-04-01 07:37:00,Halsted St & Roscoe St,CHI00473,Clark St & Montrose Ave,CHI00562,41.94367,-87.64895,41.961588,-87.666036,casual,9.0,4,7,4,Spring,False,2.4425402849658906,False,False
7A4EC745095C94D7,classic_bike,2026-04-01 07:29:00,2026-04-01 07:37:00,Wells St & Walton St,CHI00260,Franklin St & Lake St,CHI00376,41.89993001,-87.63443007,41.885837,-87.6355,member,8.0,4,7,4,Spring,False,1.569571684536828,False,False
DCBD23C9380DEE69,classic_bike,2026-04-01 07:30:00,2026-04-01 07:37:00,Franklin St & Washington St,CHI02074,Wabash Ave & Adams St,CHI00786,41.88318,-87.63511,41.87947235,-87.62568861,member,7.0,4,7,4,Spring,False,0.8822311829983298,False,False
6E2AE0DEDC16EF2F,electric_bike,2026-04-01 07:31:00,2026-04-01 07:37:00,Burling St & Diversey Pkwy,CHI00327,,,41.93314,-87.64776,41.92,-87.64,member,6.0,4,7,4,Spring,False,1.5959178680611088,False,False
F3F8FFFF99A042E9,classic_bike,2026-04-01 07:26:00,2026-04-01 07:37:00,Wells St & Evergreen Ave,CHI00393,Canal St & Lake St,CHI02184,41.906724,-87.63483,41.88597,-87.63999,member,11.0,4,7,4,Spring,False,2.34692632755367,False,False
80969DA2D5F19FF6,classic_bike,2026-04-01 07:33:00,2026-04-01 07:37:00,Washtenaw Ave & Lawrence Ave,CHI00217,Christiana Ave & Lawrence Ave,CHI00302,41.9687297,-87.6962603,41.96835449,-87.71183067,member,4.0,4,7,4,Spring,False,1.2879527341016452,False,False
2A94C7D4D4E717E6,electric_bike,2026-04-01 07:31:00,2026-04-01 07:37:00,Southport Ave & Waveland Ave,CHI00336,,,41.948226,-87.6640712,41.93,-87.66,member,6.0,4,7,4,Spring,False,2.0544242601090414,False,False
AE27ACEC0CC9CB97,classic_bike,2026-04-01 07:32:00,2026-04-01 07:37:00,Clinton St & Washington Blvd 2,CHI02196,Orleans St & Hubbard St,CHI00750,41.88338,-87.64117,41.890028,-87.636618,member,5.0,4,7,4,Spring,False,0.8297253923137898,False,False
C1BA4BD3BAA42D23,electric_bike,2026-04-01 07:32:00,2026-04-01 07:37:00,Wells St & Walton St,CHI00260,Wacker Dr & Randolph St,CHI02140,41.89993001,-87.63443007,41.88454,-87.63732,member,5.0,4,7,4,Spring,False,1.7279289801999427,False,False
9B9697F770B124FF,classic_bike,2026-04-01 07:31:00,2026-04-01 07:37:00,Federal St & Polk St,CHI01775,Franklin St & Jackson Blvd,CHI02050,41.87207763,-87.62954377,41.87770796,-87.63532114,member,6.0,4,7,4,Spring,False,0.787889301547582,False,False
D3E0153EBFAB8B8E,classic_bike,2026-04-01 07:33:00,2026-04-01 07:37:00,Paulina St & Montrose Ave,CHI00463,Ravenswood Ave & Lawrence Ave,CHI00508,41.961507,-87.671387,41.968445,-87.674226,member,4.0,4,7,4,Spring,False,0.8063890246319758,False,False
CB3CF4DAED6CD790,electric_bike,2026-04-01 07:28:00,2026-04-01 07:38:00,Sheffield Ave & Willow St,CHI00264,Clinton St & Lake St,CHI01746,41.913688,-87.652855,41.885637,-87.641823,member,10.0,4,7,4,Spring,False,3.2500202845341954,False,False
1DEF509352FC86F3,classic_bike,2026-04-01 07:18:00,2026-04-01 07:38:00,Michigan Ave & 18Th St,CHI00243,Peoria St & Jackson Blvd,CHI00402,41.857926,-87.624336,41.8776416,-87.64961779,member,20.0,4,7,4,Spring,False,3.031283636469768,False,False
2C4FB0DA29F1026F,classic_bike,2026-04-01 07:17:00,2026-04-01 07:38:00,Calumet Ave & 21St St,CHI00560,Clinton St & Tilden St,CHI01542,41.85418425,-87.61915374,41.875885,-87.640795,member,21.0,4,7,4,Spring,False,3.005698129895108,False,False
580A53661A572A2E,electric_bike,2026-04-01 07:33:00,2026-04-01 07:38:00,Sheffield Ave & Webster Ave,CHI00507,Elston Ave & Cortland St,CHI00259,41.92154,-87.653818,41.91643343,-87.66674638,member,5.0,4,7,4,Spring,False,1.2110509158838332,False,False
29EEBFDB26AE195F,electric_bike,2026-04-01 07:34:00,2026-04-01 07:38:00,Franklin St & Chicago Ave,CHI01745,Wabash Ave & Grand Ave,CHI00313,41.89679,-87.63564,41.891466,-87.626761,member,4.0,4,7,4,Spring,False,0.9437068409998582,False,False
F134F799A2628BB9,classic_bike,2026-04-01 07:37:00,2026-04-01 07:38:00,Indiana Ave & Roosevelt Rd,CHI00450,Michigan Ave & 11Th St,CHI02025,41.867888,-87.623041,41.86959,-87.623961,member,1.0,4,7,4,Spring,False,0.20401067467732206,False,False
43205A549DC3F0F4,electric_bike,2026-04-01 07:31:00,2026-04-01 07:38:00,Canal St & Adams St,CHI01743,Larrabee St & Kingsbury St 2,CHI02169,41.879255,-87.639904,41.89758,-87.6429,member,7.0,4,7,4,Spring,False,2.0526840623871303,False,False
66C19B3A7B68F9F1,classic_bike,2026-04-01 07:24:00,2026-04-01 07:38:00,Honore St & Division St,CHI00269,Canal St & Madison St,CHI00498,41.903119,-87.673935,41.882409,-87.639767,member,14.0,4,7,4,Spring,False,3.647157656990719,False,False
72DBC65414F969DE,electric_bike,2026-04-01 07:33:00,2026-04-01 07:39:00,Kingsbury St & Kinzie St 1,CHI00299,Lasalle St & Jackson Blvd,CHI00447,41.88907,-87.63835,41.878166,-87.631929,member,6.0,4,7,4,Spring,False,1.3238731840508091,False,False
EA07AC16470E9961,classic_bike,2026-04-01 07:33:00,2026-04-01 07:39:00,Peoria St & Jackson Blvd,CHI00402,Riverside Plaza & Adams St,CHI02193,41.8776416,-87.64961779,41.87926,-87.63879,member,6.0,4,7,4,Spring,False,0.9143343874025611,False,False
F1F0E536A5C73544,electric_bike,2026-04-01 07:32:00,2026-04-01 07:39:00,Orleans St & Elm St,CHI00263,,,41.902924,-87.637715,41.9,-87.67,member,7.0,4,7,4,Spring,False,2.691672854807905,False,False
9F165F28195F1BBF,electric_bike,2026-04-01 07:29:00,2026-04-01 07:39:00,,,State St & Chicago Ave,CHI01772,41.88,-87.64,41.8966172,-87.62857854,member,10.0,4,7,4,Spring,False,2.075586420027645,False,False
7DE4825408370C12,classic_bike,2026-04-01 07:33:00,2026-04-01 07:39:00,Canal St & Monroe St,CHI00398,State St & Kinzie St,CHI00288,41.8829056,-87.6397409,41.88937547,-87.62707651,member,6.0,4,7,4,Spring,False,1.2714788917098918,False,False
AB52BA36040AAA78,classic_bike,2026-04-01 07:36:00,2026-04-01 07:39:00,Racine Ave & Wrightwood Ave,CHI00506,Sheffield Ave & Fullerton Ave,CHI00225,41.928887,-87.658971,41.9256163,-87.6536574,member,3.0,4,7,4,Spring,False,0.5705279946693677,False,False
BC756B96B92723EC,electric_bike,2026-04-01 07:29:00,2026-04-01 07:39:00,Clark St & Schiller St,CHI00462,Clinton St & Washington Blvd 2,CHI02196,41.907993,-87.631501,41.88338,-87.64117,member,10.0,4,7,4,Spring,False,2.85145064195017,False,False
76A7E26C36EBD5C7,electric_bike,2026-04-01 07:27:00,2026-04-01 07:39:00,California Ave & Division St,CHI00340,,,41.903029,-87.697474,41.87,-87.69,casual,12.0,4,7,4,Spring,False,3.7244071413435678,False,False
AEACBA7F79B5BD44,electric_bike,2026-04-01 07:20:00,2026-04-01 07:39:00,Pine Grove Ave & Waveland Ave,CHI00354,Milwaukee Ave & Rockwell St,CHI00289,41.94947274,-87.64645278,41.92033,-87.69309,member,19.0,4,7,4,Spring,False,5.038183119953019,False,False
6590BA2C4DAD635C,classic_bike,2026-04-01 07:21:00,2026-04-01 07:40:00,Clark St & Schiller St,CHI00462,Clinton St & Tilden St,CHI01542,41.907993,-87.631501,41.875885,-87.640795,member,19.0,4,7,4,Spring,False,3.652189480586169,False,False
C7DD71D6AF5DBB1E,electric_bike,2026-04-01 07:29:00,2026-04-01 07:40:00,Federal St & Polk St,CHI01775,Halsted St & Roosevelt Rd,CHI00364,41.87207763,-87.62954377,41.867324,-87.648625,member,11.0,4,7,4,Spring,False,1.6660547476015197,False,False
215EBDB53B8BA846,classic_bike,2026-04-01 07:26:00,2026-04-01 07:40:00,Lake Park Ave & 56Th St,CHI00511,Calumet Ave & 51St St,CHI00429,41.79161,-87.58748,41.80229465,-87.61805358,member,14.0,4,7,4,Spring,False,2.799111125335334,False,False
365B4B9CF99B1D24,classic_bike,2026-04-01 07:33:00,2026-04-01 07:40:00,Clinton St & Washington Blvd 2,CHI02196,Franklin St & Illinois St,CHI00648,41.88338,-87.64117,41.89102331,-87.63547987,member,7.0,4,7,4,Spring,False,0.9716969954016114,False,False
F7066A82169BBC69,electric_bike,2026-04-01 07:29:00,2026-04-01 07:40:00,Larrabee St & Armitage Ave,CHI00441,State St & Kinzie St,CHI00288,41.918084,-87.643749,41.88937547,-87.62707651,member,11.0,4,7,4,Spring,False,3.4776789717238654,False,False
25307F396DD82DF8,classic_bike,2026-04-01 07:20:00,2026-04-01 07:40:00,Broadway & Belmont Ave,CHI00239,Paulina St & Division St,CHI00244,41.940106,-87.645451,41.9035529,-87.6704292,member,20.0,4,7,4,Spring,False,4.559722773023018,False,False
269B5AA7922E562F,electric_bike,2026-04-01 07:33:00,2026-04-01 07:40:00,,,Canal St & Jackson Blvd,CHI00521,41.89,-87.64,41.878125,-87.639968,member,7.0,4,7,4,Spring,False,1.3204424112443014,False,False
87CE18002BB8F852,classic_bike,2026-04-01 07:36:00,2026-04-01 07:40:00,Clark St & Wrightwood Ave,CHI00287,Lincoln Ave & Fullerton Ave,CHI00494,41.929546,-87.643118,41.92416103,-87.64638036,member,4.0,4,7,4,Spring,False,0.6567955655243878,False,False
2374BC189A8A1993,classic_bike,2026-04-01 07:30:00,2026-04-01 07:40:00,Aberdeen St & Monroe St,CHI00321,Kingsbury St & Kinzie St 2,CHI02181,41.88014,-87.6547,41.889188,-87.638387,member,10.0,4,7,4,Spring,False,1.68402198427765,False,False
D41B6828A9BAAADD,classic_bike,2026-04-01 07:32:00,2026-04-01 07:40:00,Larrabee St & Kingsbury St 1,CHI00245,Canal St & Jackson Blvd,CHI00521,41.897764,-87.642884,41.878125,-87.639968,member,8.0,4,7,4,Spring,False,2.1970575289025027,False,False
439E343D9281F8A0,electric_bike,2026-04-01 07:31:00,2026-04-01 07:40:00,Lasalle St & Jackson Blvd,CHI00447,Columbus Dr & Randolph St,CHI00345,41.878166,-87.631929,41.884728,-87.619521,member,9.0,4,7,4,Spring,False,1.2600026168160945,False,False
200604CDC436B8FA,electric_bike,2026-04-01 07:30:00,2026-04-01 07:41:00,,,,,41.97,-87.66,41.94,-87.65,member,11.0,4,7,4,Spring,False,3.4368128968098426,False,False
3CEAF062029D80B5,electric_bike,2026-04-01 07:30:00,2026-04-01 07:41:00,Wood St & Hubbard St,CHI00499,Franklin St & Chicago Ave,CHI01745,41.889715,-87.671966,41.89679,-87.63564,member,11.0,4,7,4,Spring,False,3.1080047010710117,False,False
437C1BB4F0251B3B,classic_bike,2026-04-01 07:16:00,2026-04-01 07:41:00,Leavitt St & North Ave,CHI00428,Damen Ave & Cullerton St,CHI00267,41.91016,-87.68232,41.85496652,-87.67569959,member,25.0,4,7,4,Spring,False,6.1616591490435395,False,False
C0DD3D8833C69AF5,classic_bike,2026-04-01 07:37:00,2026-04-01 07:41:00,Canal St & Madison St,CHI00498,Wabash Ave & Washington St,CHI02108,41.882409,-87.639767,41.8832,-87.62662,member,4.0,4,7,4,Spring,False,1.0919350453859191,False,False
3B0CA703CE193BE3,electric_bike,2026-04-01 07:28:00,2026-04-01 07:41:00,Clark St & Wellington Ave,CHI00377,Ravenswood Ave & Lawrence Ave,CHI00508,41.93649682,-87.64753866,41.968445,-87.674226,member,13.0,4,7,4,Spring,False,4.182177145187909,False,False
864DBB21745ACE13,electric_bike,2026-04-01 07:19:00,2026-04-01 07:41:00,Clarendon Ave & Gordon Ter,CHI00455,Clinton St & Lake St,CHI01746,41.95786652,-87.64950514,41.885637,-87.641823,member,22.0,4,7,4,Spring,False,8.0566657704907,False,False
261B16871CBFC641,classic_bike,2026-04-01 07:32:00,2026-04-01 07:41:00,Canal St & Adams St,CHI01743,Clark St & Lake St,CHI00761,41.879255,-87.639904,41.88602083,-87.63087606,member,9.0,4,7,4,Spring,False,1.0604640490897668,False,False
D04C8A9E035B47C0,electric_bike,2026-04-01 07:38:00,2026-04-01 07:41:00,,,,,41.9,-87.63,41.91,-87.63,casual,3.0,4,7,4,Spring,False,1.1119492664448107,False,False
5C54A25169866BF9,electric_bike,2026-04-01 07:34:00,2026-04-01 07:41:00,Broadway & Thorndale Ave,CHI00571,Damen Ave & Foster Ave,CHI00625,41.98974251,-87.66014062,41.97581098,-87.6795099,casual,7.0,4,7,4,Spring,False,2.2277650412716645,False,False
FB17B44A8414ED0A,electric_bike,2026-04-01 07:34:00,2026-04-01 07:41:00,Columbus Dr & Randolph St,CHI00345,Lasalle St & Jackson Blvd,CHI00447,41.884728,-87.619521,41.878166,-87.631929,member,7.0,4,7,4,Spring,False,1.2600026168160945,False,False
B5D4223C4FD8CD35,electric_bike,2026-04-01 07:34:00,2026-04-01 07:41:00,Larrabee St & North Ave,CHI00297,Orleans St & Merchandise Mart Plaza,CHI00367,41.91021,-87.6435,41.888243,-87.63639,member,7.0,4,7,4,Spring,False,2.512502487571167,False,False
895D47821FD4D8EC,classic_bike,2026-04-01 07:33:00,2026-04-01 07:42:00,Broadway & Granville Ave,CHI00563,Clark St & Bryn Mawr Ave,CHI00608,41.99477969,-87.66028453,41.983593,-87.669154,member,9.0,4,7,4,Spring,False,1.443831092101605,False,False
E8A4E99119F4050A,electric_bike,2026-04-01 07:32:00,2026-04-01 07:42:00,Wood St & Hubbard St,CHI00499,Wacker Dr & Washington St,CHI01787,41.889715,-87.671966,41.88314336,-87.63724208,member,10.0,4,7,4,Spring,False,2.965916614376194,False,False
7C3F318F4B7D89E9,electric_bike,2026-04-01 07:34:00,2026-04-01 07:42:00,,,Larrabee St & Kingsbury St 2,CHI02169,41.89,-87.65,41.89758,-87.6429,member,8.0,4,7,4,Spring,False,1.0275094450513405,False,False
F53D6F8BADDD4E0B,electric_bike,2026-04-01 07:34:00,2026-04-01 07:42:00,Franklin St & Jackson Blvd,CHI02050,Racine Ave & Washington Blvd,CHI00791,41.87770796,-87.63532114,41.883073,-87.656952,member,8.0,4,7,4,Spring,False,1.8875515816650066,False,False
C6E122408D19F51F,electric_bike,2026-04-01 07:29:00,2026-04-01 07:42:00,,,Clark St & North Ave,CHI00444,41.94,-87.67,41.911974,-87.631942,member,13.0,4,7,4,Spring,False,4.430002120791874,False,False
502EEC8CADD1585B,electric_bike,2026-04-01 07:36:00,2026-04-01 07:42:00,Eckhart Park,CHI00349,Fulton Market,CHI01880,41.8964603,-87.66102278,41.886871,-87.648089,member,6.0,4,7,4,Spring,False,1.5109971140960308,False,False
E849A07F8C520FE1,electric_bike,2026-04-01 07:26:00,2026-04-01 07:42:00,California Ave & Cortez St,CHI00700,Clinton St & Madison St,CHI00233,41.900363,-87.696704,41.88166,-87.64115,member,16.0,4,7,4,Spring,False,5.046906361077861,False,False
0BAF1B95022D74E2,classic_bike,2026-04-01 07:33:00,2026-04-01 07:42:00,Mies Van Der Rohe Way & Chestnut St,CHI00418,Clark St & Lake St,CHI00761,41.89858665,-87.62191523,41.88602083,-87.63087606,member,9.0,4,7,4,Spring,False,1.5819203798222026,False,False
5A3EE4F879E91412,electric_bike,2026-04-01 07:32:00,2026-04-01 07:42:00,Morgan Ave & 14Th Pl,CHI00261,,,41.862378,-87.651062,41.89,-87.66,member,10.0,4,7,4,Spring,False,3.1593171822475097,False,False
CEB5D48F3A2DC197,classic_bike,2026-04-01 07:21:00,2026-04-01 07:42:00,Michigan Ave & 14Th St,CHI00342,Cityfront Plaza Dr & Pioneer Ct,CHI00483,41.864059,-87.623727,41.890573,-87.622072,member,21.0,4,7,4,Spring,False,2.951404718270546,False,False
D90198757E5CAF4B,electric_bike,2026-04-01 07:37:00,2026-04-01 07:42:00,Peoria St & Jackson Blvd,CHI00402,Paulina St & Flournoy St,CHI00627,41.8776416,-87.64961779,41.87306109,-87.66913489,member,5.0,4,7,4,Spring,False,1.6942982895683665,False,False
A904A43908855B4B,electric_bike,2026-04-01 07:39:00,2026-04-01 07:42:00,Wells St & Polk St,CHI00606,Franklin St & Jackson Blvd,CHI02050,41.87273154,-87.63351649,41.87770796,-87.63532114,member,3.0,4,7,4,Spring,False,0.5731707616049737,False,False
0B7B8D174956DFAF,electric_bike,2026-04-01 07:39:00,2026-04-01 07:43:00,Riverside Plaza & Adams St,CHI02193,Franklin St & Washington St,CHI02074,41.87926,-87.63879,41.88318,-87.63511,member,4.0,4,7,4,Spring,False,0.5318012650976335,False,False
5053C4EEBB71C190,electric_bike,2026-04-01 07:30:00,2026-04-01 07:43:00,Clinton St & Jackson Blvd,CHI01091,Larrabee St & Kingsbury St 1,CHI00245,41.87831661,-87.64098108,41.897764,-87.642884,member,13.0,4,7,4,Spring,False,2.1681808043713784,False,False
3496E3E4A2E09B29,electric_bike,2026-04-01 07:35:00,2026-04-01 07:43:00,Wells St & Elm St,CHI00540,Lasalle St & Jackson Blvd,CHI00447,41.903222,-87.634324,41.878166,-87.631929,member,8.0,4,7,4,Spring,False,2.79314444348353,False,False
119C840D73DCD8CC,electric_bike,2026-04-01 07:38:00,2026-04-01 07:43:00,,,Wilton Ave & Belmont Ave,CHI00353,41.94,-87.66,41.94023192,-87.65294373,casual,5.0,4,7,4,Spring,False,0.5842052234837509,False,False
37DCD02AE2AA6357,electric_bike,2026-04-01 07:36:00,2026-04-01 07:43:00,Campbell Ave & Montrose Ave,CHI00214,Ravenswood Ave & Lawrence Ave,CHI00508,41.961524,-87.691177,41.968445,-87.674226,member,7.0,4,7,4,Spring,False,1.5988905792732433,False,False
FA366467C823D601,electric_bike,2026-04-01 07:33:00,2026-04-01 07:43:00,Halsted St & Lake St,CHI02121,,,41.88576,-87.64711,41.89,-87.62,member,10.0,4,7,4,Spring,False,2.293138593902397,False,False
4F82EA16C3542183,electric_bike,2026-04-01 07:32:00,2026-04-01 07:43:00,Clarendon Ave & Gordon Ter,CHI00455,Ravenswood Ave & Lawrence Ave,CHI00508,41.95786652,-87.64950514,41.968445,-87.674226,casual,11.0,4,7,4,Spring,False,2.358263944018322,False,False
E2CC47A2EB3D29F2,classic_bike,2026-04-01 07:37:00,2026-04-01 07:43:00,Halsted St & 35Th St,CHI00401,State St & 35Th St,CHI00343,41.830661,-87.647172,41.83103631,-87.62679756,member,6.0,4,7,4,Spring,False,1.6886039890742814,False,False
A2FA04AB753EFD24,electric_bike,2026-04-01 07:37:00,2026-04-01 07:43:00,Franklin St & Adams St,CHI00453,State St & Kinzie St,CHI00288,41.87943409,-87.63550401,41.88937547,-87.62707651,casual,6.0,4,7,4,Spring,False,1.3071758801081528,False,False
5602A85730ADDC4D,electric_bike,2026-04-01 07:32:00,2026-04-01 07:43:00,,,,,41.9,-87.62,41.88,-87.64,member,11.0,4,7,4,Spring,False,2.7724560566175613,False,False
B49F58F1418C883E,electric_bike,2026-04-01 07:30:00,2026-04-01 07:43:00,Virginia Ave & Catalpa Ave,CHI00929,Oakley Ave & Irving Park Rd,CHI00369,41.9812456,-87.7048924,41.95434085,-87.68607962,member,13.0,4,7,4,Spring,False,3.3718312539931024,False,False
649A6B208BC69914,electric_bike,2026-04-01 07:35:00,2026-04-01 07:43:00,Green St & Randolph St,CHI01988,Columbus Dr & Randolph St,CHI00345,41.88360166,-87.64862671,41.884728,-87.619521,member,8.0,4,7,4,Spring,False,2.412745384290129,False,False
